Workbook

Sheet Row Data
A1: Sector | B1: Year | C1: Month | D1: Cereals and products | E1: Meat and fish | F1: Egg | G1: Milk and products | H1: Oils and fats | I1: Fruits | J1: Vegetables | K1: Pulses and products | L1: Sugar and Confectionery | M1: Spices | N1: Non-alcoholic beverages | O1: Prepared meals, snacks, sweets etc. | P1: Food and beverages | Q1: Pan, tobacco and intoxicants | R1: Clothing | S1: Footwear | T1: Clothing and footwear | U1: Housing | V1: Fuel and light | W1: Household goods and services | X1: Health | Y1: Transport and communication | Z1: Recreation and amusement | AA1: Education | AB1: Personal care and effects | AC1: Miscellaneous | AD1: General index
A2: Rural | B2: 2013 | C2: January | D2: 107.5 | E2: 106.3 | F2: 108.1 | G2: 104.9 | H2: 106.1 | I2: 103.9 | J2: 101.9 | K2: 106.1 | L2: 106.8 | M2: 103.1 | N2: 104.8 | O2: 106.7 | P2: 105.5 | Q2: 105.1 | R2: 106.5 | S2: 105.8 | T2: 106.4 | V2: 105.5 | W2: 104.8 | X2: 104 | Y2: 103.3 | Z2: 103.4 | AA2: 103.8 | AB2: 104.7 | AC2: 104 | AD2: 105.1
A3: Urban | B3: 2013 | C3: January | D3: 110.5 | E3: 109.1 | F3: 113 | G3: 103.6 | H3: 103.4 | I3: 102.3 | J3: 102.9 | K3: 105.8 | L3: 105.1 | M3: 101.8 | N3: 105.1 | O3: 107.9 | P3: 105.9 | Q3: 105.2 | R3: 105.9 | S3: 105 | T3: 105.8 | U3: 100.3 | V3: 105.4 | W3: 104.8 | X3: 104.1 | Y3: 103.2 | Z3: 102.9 | AA3: 103.5 | AB3: 104.3 | AC3: 103.7 | AD3: 104
A4: Rural+Urban | B4: 2013 | C4: January | D4: 108.4 | E4: 107.3 | F4: 110 | G4: 104.4 | H4: 105.1 | I4: 103.2 | J4: 102.2 | K4: 106 | L4: 106.2 | M4: 102.7 | N4: 104.9 | O4: 107.3 | P4: 105.6 | Q4: 105.1 | R4: 106.3 | S4: 105.5 | T4: 106.2 | U4: 100.3 | V4: 105.5 | W4: 104.8 | X4: 104 | Y4: 103.2 | Z4: 103.1 | AA4: 103.6 | AB4: 104.5 | AC4: 103.9 | AD4: 104.6
A5: Rural | B5: 2013 | C5: February | D5: 109.2 | E5: 108.7 | F5: 110.2 | G5: 105.4 | H5: 106.7 | I5: 104 | J5: 102.4 | K5: 105.9 | L5: 105.7 | M5: 103.1 | N5: 105.1 | O5: 107.7 | P5: 106.3 | Q5: 105.6 | R5: 107.1 | S5: 106.3 | T5: 107 | V5: 106.2 | W5: 105.2 | X5: 104.4 | Y5: 103.9 | Z5: 104 | AA5: 104.1 | AB5: 104.6 | AC5: 104.4 | AD5: 105.8
A6: Urban | B6: 2013 | C6: February | D6: 112.9 | E6: 112.9 | F6: 116.9 | G6: 104 | H6: 103.5 | I6: 103.1 | J6: 104.9 | K6: 104.1 | L6: 103.8 | M6: 102.3 | N6: 106 | O6: 109 | P6: 107.2 | Q6: 106 | R6: 106.6 | S6: 105.5 | T6: 106.4 | U6: 100.4 | V6: 105.7 | W6: 105.2 | X6: 104.7 | Y6: 104.4 | Z6: 103.3 | AA6: 103.7 | AB6: 104.3 | AC6: 104.3 | AD6: 104.7
A7: Rural+Urban | B7: 2013 | C7: February | D7: 110.4 | E7: 110.2 | F7: 112.8 | G7: 104.9 | H7: 105.5 | I7: 103.6 | J7: 103.2 | K7: 105.3 | L7: 105.1 | M7: 102.8 | N7: 105.5 | O7: 108.3 | P7: 106.6 | Q7: 105.7 | R7: 106.9 | S7: 106 | T7: 106.8 | U7: 100.4 | V7: 106 | W7: 105.2 | X7: 104.5 | Y7: 104.2 | Z7: 103.6 | AA7: 103.9 | AB7: 104.5 | AC7: 104.4 | AD7: 105.3
A8: Rural | B8: 2013 | C8: March | D8: 110.2 | E8: 108.8 | F8: 109.9 | G8: 105.6 | H8: 106.2 | I8: 105.7 | J8: 101.4 | K8: 105.7 | L8: 105 | M8: 103.3 | N8: 105.6 | O8: 108.2 | P8: 106.6 | Q8: 106.5 | R8: 107.6 | S8: 106.8 | T8: 107.5 | V8: 106.1 | W8: 105.6 | X8: 104.7 | Y8: 104.6 | Z8: 104 | AA8: 104.3 | AB8: 104.3 | AC8: 104.6 | AD8: 106
A9: Urban | B9: 2013 | C9: March | D9: 113.9 | E9: 111.4 | F9: 113.2 | G9: 104.3 | H9: 102.7 | I9: 104.9 | J9: 103.8 | K9: 103.5 | L9: 102.6 | M9: 102.4 | N9: 107 | O9: 109.8 | P9: 107.3 | Q9: 106.8 | R9: 107.2 | S9: 106 | T9: 107 | U9: 100.4 | V9: 106 | W9: 105.7 | X9: 105.2 | Y9: 105.5 | Z9: 103.5 | AA9: 103.8 | AB9: 104.2 | AC9: 104.9 | AD9: 105
A10: Rural+Urban | B10: 2013 | C10: March | D10: 111.4 | E10: 109.7 | F10: 111.2 | G10: 105.1 | H10: 104.9 | I10: 105.3 | J10: 102.2 | K10: 105 | L10: 104.2 | M10: 103 | N10: 106.2 | O10: 108.9 | P10: 106.9 | Q10: 106.6 | R10: 107.4 | S10: 106.5 | T10: 107.3 | U10: 100.4 | V10: 106.1 | W10: 105.6 | X10: 104.9 | Y10: 105.1 | Z10: 103.7 | AA10: 104 | AB10: 104.3 | AC10: 104.7 | AD10: 105.5
A11: Rural | B11: 2013 | C11: April | D11: 110.2 | E11: 109.5 | F11: 106.9 | G11: 106.3 | H11: 105.7 | I11: 108.3 | J11: 103.4 | K11: 105.7 | L11: 104.2 | M11: 103.2 | N11: 106.5 | O11: 108.8 | P11: 107.1 | Q11: 107.1 | R11: 108.1 | S11: 107.4 | T11: 108 | V11: 106.5 | W11: 106.1 | X11: 105.1 | Y11: 104.4 | Z11: 104.5 | AA11: 104.8 | AB11: 102.7 | AC11: 104.6 | AD11: 106.4
A12: Urban | B12: 2013 | C12: April | D12: 114.6 | E12: 113.4 | F12: 106 | G12: 104.7 | H12: 102.1 | I12: 109.5 | J12: 109.7 | K12: 104.6 | L12: 102 | M12: 103.5 | N12: 108.2 | O12: 110.6 | P12: 108.8 | Q12: 108.5 | R12: 107.9 | S12: 106.4 | T12: 107.7 | U12: 100.5 | V12: 106.4 | W12: 106.5 | X12: 105.7 | Y12: 105 | Z12: 104 | AA12: 105.2 | AB12: 103.2 | AC12: 105.1 | AD12: 105.7
A13: Rural+Urban | B13: 2013 | C13: April | D13: 111.6 | E13: 110.9 | F13: 106.6 | G13: 105.7 | H13: 104.4 | I13: 108.9 | J13: 105.5 | K13: 105.3 | L13: 103.5 | M13: 103.3 | N13: 107.2 | O13: 109.6 | P13: 107.7 | Q13: 107.5 | R13: 108 | S13: 107 | T13: 107.9 | U13: 100.5 | V13: 106.5 | W13: 106.3 | X13: 105.3 | Y13: 104.7 | Z13: 104.2 | AA13: 105 | AB13: 102.9 | AC13: 104.8 | AD13: 106.1
A14: Rural | B14: 2013 | C14: May | D14: 110.9 | E14: 109.8 | F14: 105.9 | G14: 107.5 | H14: 105.3 | I14: 108.1 | J14: 107.3 | K14: 106.1 | L14: 103.7 | M14: 104 | N14: 107.4 | O14: 109.9 | P14: 108.1 | Q14: 108.1 | R14: 108.8 | S14: 107.9 | T14: 108.6 | V14: 107.5 | W14: 106.8 | X14: 105.7 | Y14: 104.1 | Z14: 105 | AA14: 105.5 | AB14: 102.1 | AC14: 104.8 | AD14: 107.2
A15: Urban | B15: 2013 | C15: May | D15: 115.4 | E15: 114.2 | F15: 102.7 | G15: 105.5 | H15: 101.5 | I15: 110.6 | J15: 123.7 | K15: 105.2 | L15: 101.9 | M15: 105 | N15: 109.1 | O15: 111.3 | P15: 111.1 | Q15: 109.8 | R15: 108.5 | S15: 106.7 | T15: 108.3 | U15: 100.5 | V15: 107.2 | W15: 107.1 | X15: 106.2 | Y15: 103.9 | Z15: 104.6 | AA15: 105.7 | AB15: 102.6 | AC15: 104.9 | AD15: 106.6
A16: Rural+Urban | B16: 2013 | C16: May | D16: 112.3 | E16: 111.3 | F16: 104.7 | G16: 106.8 | H16: 103.9 | I16: 109.3 | J16: 112.9 | K16: 105.8 | L16: 103.1 | M16: 104.3 | N16: 108.1 | O16: 110.5 | P16: 109.2 | Q16: 108.6 | R16: 108.7 | S16: 107.4 | T16: 108.5 | U16: 100.5 | V16: 107.4 | W16: 106.9 | X16: 105.9 | Y16: 104 | Z16: 104.8 | AA16: 105.6 | AB16: 102.3 | AC16: 104.8 | AD16: 106.9
A17: Rural | B17: 2013 | C17: June | D17: 112.3 | E17: 112.1 | F17: 108.1 | G17: 108.3 | H17: 105.9 | I17: 109.2 | J17: 118 | K17: 106.8 | L17: 104.1 | M17: 105.4 | N17: 108.2 | O17: 111 | P17: 110.6 | Q17: 109 | R17: 109.7 | S17: 108.8 | T17: 109.5 | V17: 108.5 | W17: 107.5 | X17: 106.3 | Y17: 105 | Z17: 105.6 | AA17: 106.5 | AB17: 102.5 | AC17: 105.5 | AD17: 108.9
A18: Urban | B18: 2013 | C18: June | D18: 117 | E18: 120.1 | F18: 112.5 | G18: 107.3 | H18: 101.3 | I18: 112.4 | J18: 143.6 | K18: 105.4 | L18: 101.4 | M18: 106.4 | N18: 110 | O18: 112.2 | P18: 115 | Q18: 110.9 | R18: 109.2 | S18: 107.2 | T18: 108.9 | U18: 106.6 | V18: 108 | W18: 107.7 | X18: 106.5 | Y18: 105.2 | Z18: 105.2 | AA18: 108.1 | AB18: 103.3 | AC18: 106.1 | AD18: 109.7
A19: Rural+Urban | B19: 2013 | C19: June | D19: 113.8 | E19: 114.9 | F19: 109.8 | G19: 107.9 | H19: 104.2 | I19: 110.7 | J19: 126.7 | K19: 106.3 | L19: 103.2 | M19: 105.7 | N19: 109 | O19: 111.6 | P19: 112.2 | Q19: 109.5 | R19: 109.5 | S19: 108.1 | T19: 109.3 | U19: 106.6 | V19: 108.3 | W19: 107.6 | X19: 106.4 | Y19: 105.1 | Z19: 105.4 | AA19: 107.4 | AB19: 102.8 | AC19: 105.8 | AD19: 109.3
A20: Rural | B20: 2013 | C20: July | D20: 113.4 | E20: 114.9 | F20: 110.5 | G20: 109.3 | H20: 106.2 | I20: 110.3 | J20: 129.2 | K20: 107.1 | L20: 104.3 | M20: 106.4 | N20: 109.1 | O20: 112.1 | P20: 113.1 | Q20: 109.8 | R20: 110.5 | S20: 109.5 | T20: 110.3 | V20: 109.5 | W20: 108.3 | X20: 106.9 | Y20: 106.8 | Z20: 106.4 | AA20: 107.8 | AB20: 102.5 | AC20: 106.5 | AD20: 110.7
A21: Urban | B21: 2013 | C21: July | D21: 117.8 | E21: 119.2 | F21: 114 | G21: 108.3 | H21: 101.1 | I21: 113.2 | J21: 160.9 | K21: 105.1 | L21: 101.3 | M21: 107.5 | N21: 110.4 | O21: 113.1 | P21: 117.5 | Q21: 111.7 | R21: 109.8 | S21: 107.8 | T21: 109.5 | U21: 107.7 | V21: 108.6 | W21: 108.1 | X21: 107.1 | Y21: 107.3 | Z21: 105.9 | AA21: 110.1 | AB21: 103.2 | AC21: 107.3 | AD21: 111.4
A22: Rural+Urban | B22: 2013 | C22: July | D22: 114.8 | E22: 116.4 | F22: 111.9 | G22: 108.9 | H22: 104.3 | I22: 111.7 | J22: 140 | K22: 106.4 | L22: 103.3 | M22: 106.8 | N22: 109.6 | O22: 112.6 | P22: 114.7 | Q22: 110.3 | R22: 110.2 | S22: 108.8 | T22: 110 | U22: 107.7 | V22: 109.2 | W22: 108.2 | X22: 107 | Y22: 107.1 | Z22: 106.1 | AA22: 109.1 | AB22: 102.8 | AC22: 106.9 | AD22: 111
A23: Rural | B23: 2013 | C23: August | D23: 114.3 | E23: 115.4 | F23: 111.1 | G23: 110 | H23: 106.4 | I23: 110.8 | J23: 138.9 | K23: 107.4 | L23: 104.1 | M23: 106.9 | N23: 109.7 | O23: 112.6 | P23: 114.9 | Q23: 110.7 | R23: 111.3 | S23: 110.2 | T23: 111.1 | V23: 109.9 | W23: 108.7 | X23: 107.5 | Y23: 107.8 | Z23: 106.8 | AA23: 108.7 | AB23: 105 | AC23: 107.5 | AD23: 112.1
A24: Urban | B24: 2013 | C24: August | D24: 118.3 | E24: 120.4 | F24: 112.7 | G24: 108.9 | H24: 101.1 | I24: 108.7 | J24: 177 | K24: 104.7 | L24: 101 | M24: 108.5 | N24: 110.9 | O24: 114.3 | P24: 119.6 | Q24: 112.4 | R24: 110.6 | S24: 108.3 | T24: 110.2 | U24: 108.9 | V24: 109.3 | W24: 108.7 | X24: 107.6 | Y24: 108.1 | Z24: 106.5 | AA24: 110.8 | AB24: 106 | AC24: 108.3 | AD24: 112.7
A25: Rural+Urban | B25: 2013 | C25: August | D25: 115.6 | E25: 117.2 | F25: 111.7 | G25: 109.6 | H25: 104.5 | I25: 109.8 | J25: 151.8 | K25: 106.5 | L25: 103.1 | M25: 107.4 | N25: 110.2 | O25: 113.4 | P25: 116.6 | Q25: 111.2 | R25: 111 | S25: 109.4 | T25: 110.7 | U25: 108.9 | V25: 109.7 | W25: 108.7 | X25: 107.5 | Y25: 108 | Z25: 106.6 | AA25: 109.9 | AB25: 105.4 | AC25: 107.9 | AD25: 112.4
A26: Rural | B26: 2013 | C26: September | D26: 115.4 | E26: 115.7 | F26: 111.7 | G26: 111 | H26: 107.4 | I26: 110.9 | J26: 154 | K26: 108.1 | L26: 104.2 | M26: 107.9 | N26: 110.4 | O26: 114 | P26: 117.8 | Q26: 111.7 | R26: 112.7 | S26: 111.4 | T26: 112.5 | V26: 111.1 | W26: 109.6 | X26: 108.3 | Y26: 109.3 | Z26: 107.7 | AA26: 109.8 | AB26: 106.7 | AC26: 108.7 | AD26: 114.2
A27: Urban | B27: 2013 | C27: September | D27: 118.6 | E27: 119.1 | F27: 113.2 | G27: 109.6 | H27: 101.7 | I27: 103.2 | J27: 174.3 | K27: 105.1 | L27: 100.8 | M27: 109.1 | N27: 111.1 | O27: 115.4 | P27: 119.2 | Q27: 112.9 | R27: 111.4 | S27: 109 | T27: 111.1 | U27: 109.7 | V27: 109.5 | W27: 109.6 | X27: 107.9 | Y27: 110.4 | Z27: 107.4 | AA27: 111.2 | AB27: 106.9 | AC27: 109.4 | AD27: 113.2
A28: Rural+Urban | B28: 2013 | C28: September | D28: 116.4 | E28: 116.9 | F28: 112.3 | G28: 110.5 | H28: 105.3 | I28: 107.3 | J28: 160.9 | K28: 107.1 | L28: 103.1 | M28: 108.3 | N28: 110.7 | O28: 114.6 | P28: 118.3 | Q28: 112 | R28: 112.2 | S28: 110.4 | T28: 111.9 | U28: 109.7 | V28: 110.5 | W28: 109.6 | X28: 108.1 | Y28: 109.9 | Z28: 107.5 | AA28: 110.6 | AB28: 106.8 | AC28: 109 | AD28: 113.7
A29: Rural | B29: 2013 | C29: October | D29: 116.3 | E29: 115.4 | F29: 112.6 | G29: 111.7 | H29: 107.7 | I29: 113.2 | J29: 164.9 | K29: 108.3 | L29: 103.9 | M29: 108.2 | N29: 111.1 | O29: 114.9 | P29: 119.8 | Q29: 112.2 | R29: 113.6 | S29: 112.3 | T29: 113.4 | V29: 111.6 | W29: 110.4 | X29: 108.9 | Y29: 109.3 | Z29: 108.3 | AA29: 110.2 | AB29: 107.5 | AC29: 109.1 | AD29: 115.5
A30: Urban | B30: 2013 | C30: October | D30: 118.9 | E30: 118.1 | F30: 114.5 | G30: 110.4 | H30: 102.3 | I30: 106.2 | J30: 183.5 | K30: 105.3 | L30: 100.2 | M30: 109.6 | N30: 111.4 | O30: 116 | P30: 120.8 | Q30: 113.5 | R30: 112.5 | S30: 109.7 | T30: 112 | U30: 110.5 | V30: 109.7 | W30: 110.2 | X30: 108.2 | Y30: 109.7 | Z30: 108 | AA30: 111.3 | AB30: 107.3 | AC30: 109.4 | AD30: 114
A31: Rural+Urban | B31: 2013 | C31: October | D31: 117.1 | E31: 116.3 | F31: 113.3 | G31: 111.2 | H31: 105.7 | I31: 109.9 | J31: 171.2 | K31: 107.3 | L31: 102.7 | M31: 108.7 | N31: 111.2 | O31: 115.4 | P31: 120.2 | Q31: 112.5 | R31: 113.2 | S31: 111.2 | T31: 112.8 | U31: 110.5 | V31: 110.9 | W31: 110.3 | X31: 108.6 | Y31: 109.5 | Z31: 108.1 | AA31: 110.8 | AB31: 107.4 | AC31: 109.2 | AD31: 114.8
A32: Rural | B32: 2013 | C32: November | D32: 117.3 | E32: 114.9 | F32: 116.2 | G32: 112.8 | H32: 108.9 | I32: 116.6 | J32: 178.1 | K32: 109.1 | L32: 103.6 | M32: 109 | N32: 111.8 | O32: 116 | P32: 122.5 | Q32: 112.8 | R32: 114.6 | S32: 113.1 | T32: 114.4 | V32: 112.6 | W32: 111.3 | X32: 109.7 | Y32: 109.6 | Z32: 108.7 | AA32: 111 | AB32: 108.2 | AC32: 109.8 | AD32: 117.4
A33: Urban | B33: 2013 | C33: November | D33: 119.8 | E33: 116.3 | F33: 122.6 | G33: 112 | H33: 103.2 | I33: 110 | J33: 192.8 | K33: 106.3 | L33: 99.5 | M33: 110.3 | N33: 111.8 | O33: 117.1 | P33: 122.9 | Q33: 114.1 | R33: 113.5 | S33: 110.3 | T33: 113 | U33: 111.1 | V33: 110 | W33: 110.9 | X33: 108.6 | Y33: 109.5 | Z33: 108.5 | AA33: 111.3 | AB33: 107.9 | AC33: 109.6 | AD33: 115
A34: Rural+Urban | B34: 2013 | C34: November | D34: 118.1 | E34: 115.4 | F34: 118.7 | G34: 112.5 | H34: 106.8 | I34: 113.5 | J34: 183.1 | K34: 108.2 | L34: 102.2 | M34: 109.4 | N34: 111.8 | O34: 116.5 | P34: 122.6 | Q34: 113.1 | R34: 114.2 | S34: 111.9 | T34: 113.8 | U34: 111.1 | V34: 111.6 | W34: 111.1 | X34: 109.3 | Y34: 109.5 | Z34: 108.6 | AA34: 111.2 | AB34: 108.1 | AC34: 109.7 | AD34: 116.3
A35: Rural | B35: 2013 | C35: December | D35: 118.4 | E35: 115.9 | F35: 120.4 | G35: 113.8 | H35: 109.5 | I35: 115.5 | J35: 145.7 | K35: 109.5 | L35: 102.9 | M35: 109.8 | N35: 112.1 | O35: 116.8 | P35: 118.7 | Q35: 113.6 | R35: 115.8 | S35: 114 | T35: 115.5 | V35: 112.8 | W35: 112.1 | X35: 110.1 | Y35: 109.9 | Z35: 109.2 | AA35: 111.6 | AB35: 108.1 | AC35: 110.1 | AD35: 115.5
A36: Urban | B36: 2013 | C36: December | D36: 120.5 | E36: 118.1 | F36: 128.5 | G36: 112.8 | H36: 103.4 | I36: 110.7 | J36: 144.8 | K36: 107.1 | L36: 98.6 | M36: 111.9 | N36: 112.1 | O36: 118.1 | P36: 117.8 | Q36: 115 | R36: 114.2 | S36: 110.9 | T36: 113.7 | U36: 110.7 | V36: 110.4 | W36: 111.3 | X36: 109 | Y36: 109.7 | Z36: 108.9 | AA36: 111.4 | AB36: 107.7 | AC36: 109.8 | AD36: 113.3
A37: Rural+Urban | B37: 2013 | C37: December | D37: 119.1 | E37: 116.7 | F37: 123.5 | G37: 113.4 | H37: 107.3 | I37: 113.3 | J37: 145.4 | K37: 108.7 | L37: 101.5 | M37: 110.5 | N37: 112.1 | O37: 117.4 | P37: 118.4 | Q37: 114 | R37: 115.2 | S37: 112.7 | T37: 114.8 | U37: 110.7 | V37: 111.9 | W37: 111.7 | X37: 109.7 | Y37: 109.8 | Z37: 109 | AA37: 111.5 | AB37: 107.9 | AC37: 110 | AD37: 114.5
A38: Rural | B38: 2014 | C38: January | D38: 118.9 | E38: 117.1 | F38: 120.5 | G38: 114.4 | H38: 109 | I38: 115.5 | J38: 123.9 | K38: 109.6 | L38: 101.8 | M38: 110.2 | N38: 112.4 | O38: 117.3 | P38: 116 | Q38: 114 | R38: 116.5 | S38: 114.5 | T38: 116.2 | V38: 113 | W38: 112.6 | X38: 110.6 | Y38: 110.5 | Z38: 109.6 | AA38: 111.8 | AB38: 108.3 | AC38: 110.6 | AD38: 114.2
A39: Urban | B39: 2014 | C39: January | D39: 121.2 | E39: 122 | F39: 129.9 | G39: 113.6 | H39: 102.9 | I39: 112.1 | J39: 118.9 | K39: 107.5 | L39: 96.9 | M39: 112.7 | N39: 112.1 | O39: 119 | P39: 115.5 | Q39: 115.7 | R39: 114.8 | S39: 111.3 | T39: 114.3 | U39: 111.6 | V39: 111 | W39: 111.9 | X39: 109.7 | Y39: 110.8 | Z39: 109.8 | AA39: 111.5 | AB39: 108 | AC39: 110.5 | AD39: 112.9
A40: Rural+Urban | B40: 2014 | C40: January | D40: 119.6 | E40: 118.8 | F40: 124.1 | G40: 114.1 | H40: 106.8 | I40: 113.9 | J40: 122.2 | K40: 108.9 | L40: 100.2 | M40: 111 | N40: 112.3 | O40: 118.1 | P40: 115.8 | Q40: 114.5 | R40: 115.8 | S40: 113.2 | T40: 115.4 | U40: 111.6 | V40: 112.2 | W40: 112.3 | X40: 110.3 | Y40: 110.7 | Z40: 109.7 | AA40: 111.6 | AB40: 108.2 | AC40: 110.6 | AD40: 113.6
A41: Rural | B41: 2014 | C41: February | D41: 119.4 | E41: 117.7 | F41: 121.2 | G41: 115 | H41: 109 | I41: 116.6 | J41: 116 | K41: 109.8 | L41: 101.1 | M41: 110.4 | N41: 112.9 | O41: 117.8 | P41: 115.3 | Q41: 114.2 | R41: 117.1 | S41: 114.5 | T41: 116.7 | V41: 113.2 | W41: 112.9 | X41: 110.9 | Y41: 110.8 | Z41: 109.9 | AA41: 112 | AB41: 108.7 | AC41: 110.9 | AD41: 114
A42: Urban | B42: 2014 | C42: February | D42: 121.9 | E42: 122 | F42: 124.5 | G42: 115.2 | H42: 102.5 | I42: 114.1 | J42: 111.5 | K42: 108.2 | L42: 95.4 | M42: 113.5 | N42: 112.1 | O42: 119.9 | P42: 115.2 | Q42: 116.2 | R42: 115.3 | S42: 111.7 | T42: 114.7 | U42: 112.5 | V42: 111.1 | W42: 112.6 | X42: 110.4 | Y42: 111.3 | Z42: 110.3 | AA42: 111.6 | AB42: 108.7 | AC42: 111 | AD42: 113.1
A43: Rural+Urban | B43: 2014 | C43: February | D43: 120.2 | E43: 119.2 | F43: 122.5 | G43: 115.1 | H43: 106.6 | I43: 115.4 | J43: 114.5 | K43: 109.3 | L43: 99.2 | M43: 111.4 | N43: 112.6 | O43: 118.8 | P43: 115.3 | Q43: 114.7 | R43: 116.4 | S43: 113.3 | T43: 115.9 | U43: 112.5 | V43: 112.4 | W43: 112.8 | X43: 110.7 | Y43: 111.1 | Z43: 110.1 | AA43: 111.8 | AB43: 108.7 | AC43: 110.9 | AD43: 113.6
A44: Rural | B44: 2014 | C44: March | D44: 120.1 | E44: 118.1 | F44: 120.7 | G44: 116.1 | H44: 109.3 | I44: 119.6 | J44: 117.9 | K44: 110.2 | L44: 101.2 | M44: 110.7 | N44: 113 | O44: 118.3 | P44: 116.2 | Q44: 114.6 | R44: 117.5 | S44: 114.9 | T44: 117.2 | V44: 113.4 | W44: 113.4 | X44: 111.4 | Y44: 111.2 | Z44: 110.2 | AA44: 112.4 | AB44: 108.9 | AC44: 111.3 | AD44: 114.6
A45: Urban | B45: 2014 | C45: March | D45: 122.1 | E45: 121.4 | F45: 121.5 | G45: 116.2 | H45: 102.8 | I45: 117.7 | J45: 113.3 | K45: 108.9 | L45: 96.3 | M45: 114.1 | N45: 112.2 | O45: 120.5 | P45: 116 | Q45: 116.7 | R45: 115.8 | S45: 112.1 | T45: 115.2 | U45: 113.2 | V45: 110.9 | W45: 113 | X45: 110.8 | Y45: 111.6 | Z45: 110.9 | AA45: 111.8 | AB45: 109.2 | AC45: 111.4 | AD45: 113.7
A46: Rural+Urban | B46: 2014 | C46: Marcrh | D46: 120.7 | E46: 119.3 | F46: 121 | G46: 116.1 | H46: 106.9 | I46: 118.7 | J46: 116.3 | K46: 109.8 | L46: 99.6 | M46: 111.8 | N46: 112.7 | O46: 119.3 | P46: 116.1 | Q46: 115.2 | R46: 116.8 | S46: 113.7 | T46: 116.4 | U46: 113.2 | V46: 112.5 | W46: 113.2 | X46: 111.2 | Y46: 111.4 | Z46: 110.6 | AA46: 112 | AB46: 109 | AC46: 111.3 | AD46: 114.2
A47: Rural | B47: 2014 | C47: April | D47: 120.2 | E47: 118.9 | F47: 118.1 | G47: 117 | H47: 109.7 | I47: 125.5 | J47: 120.5 | K47: 111 | L47: 102.6 | M47: 111.2 | N47: 113.5 | O47: 118.7 | P47: 117.2 | Q47: 115.4 | R47: 118.1 | S47: 116.1 | T47: 117.8 | V47: 113.4 | W47: 113.7 | X47: 111.8 | Y47: 111.2 | Z47: 110.5 | AA47: 113 | AB47: 108.9 | AC47: 111.5 | AD47: 115.4
A48: Urban | B48: 2014 | C48: April | D48: 122.5 | E48: 121.7 | F48: 113.3 | G48: 117 | H48: 103.1 | I48: 126.7 | J48: 121.2 | K48: 111 | L48: 100.3 | M48: 115.3 | N48: 112.7 | O48: 121 | P48: 118.2 | Q48: 117.6 | R48: 116.3 | S48: 112.5 | T48: 115.7 | U48: 113.9 | V48: 110.9 | W48: 113.4 | X48: 111 | Y48: 111.2 | Z48: 111.2 | AA48: 112.5 | AB48: 109.1 | AC48: 111.4 | AD48: 114.7
A49: Rural+Urban | B49: 2014 | C49: April | D49: 120.9 | E49: 119.9 | F49: 116.2 | G49: 117 | H49: 107.3 | I49: 126.1 | J49: 120.7 | K49: 111 | L49: 101.8 | M49: 112.6 | N49: 113.2 | O49: 119.8 | P49: 117.6 | Q49: 116 | R49: 117.4 | S49: 114.6 | T49: 117 | U49: 113.9 | V49: 112.5 | W49: 113.6 | X49: 111.5 | Y49: 111.2 | Z49: 110.9 | AA49: 112.7 | AB49: 109 | AC49: 111.5 | AD49: 115.1
A50: Rural | B50: 2014 | C50: May | D50: 120.3 | E50: 120.2 | F50: 116.9 | G50: 118 | H50: 110.1 | I50: 126.3 | J50: 123.9 | K50: 111.5 | L50: 103.5 | M50: 111.6 | N50: 114.2 | O50: 119.2 | P50: 118.2 | Q50: 116.3 | R50: 118.7 | S50: 116.8 | T50: 118.5 | V50: 113.4 | W50: 114.1 | X50: 112.1 | Y50: 111.4 | Z50: 110.9 | AA50: 113.1 | AB50: 108.9 | AC50: 111.8 | AD50: 116
A51: Urban | B51: 2014 | C51: May | D51: 122.7 | E51: 124.1 | F51: 114.2 | G51: 119.1 | H51: 103.5 | I51: 129.2 | J51: 127 | K51: 112.6 | L51: 101.3 | M51: 117 | N51: 112.9 | O51: 121.7 | P51: 120 | Q51: 118.3 | R51: 116.8 | S51: 112.9 | T51: 116.2 | U51: 114.3 | V51: 111.1 | W51: 114.1 | X51: 111.2 | Y51: 111.3 | Z51: 111.5 | AA51: 112.9 | AB51: 109.3 | AC51: 111.7 | AD51: 115.6
A52: Rural+Urban | B52: 2014 | C52: May | D52: 121.1 | E52: 121.6 | F52: 115.9 | G52: 118.4 | H52: 107.7 | I52: 127.7 | J52: 125 | K52: 111.9 | L52: 102.8 | M52: 113.4 | N52: 113.7 | O52: 120.4 | P52: 118.9 | Q52: 116.8 | R52: 118 | S52: 115.2 | T52: 117.6 | U52: 114.3 | V52: 112.5 | W52: 114.1 | X52: 111.8 | Y52: 111.3 | Z52: 111.2 | AA52: 113 | AB52: 109.1 | AC52: 111.8 | AD52: 115.8
A53: Rural | B53: 2014 | C53: June | D53: 120.7 | E53: 121.6 | F53: 116.1 | G53: 119.3 | H53: 110.3 | I53: 125.8 | J53: 129.3 | K53: 112.2 | L53: 103.6 | M53: 112.3 | N53: 114.9 | O53: 120.1 | P53: 119.5 | Q53: 117.3 | R53: 119.7 | S53: 117.3 | T53: 119.3 | V53: 114.4 | W53: 114.9 | X53: 112.8 | Y53: 112.2 | Z53: 111.4 | AA53: 114.3 | AB53: 108 | AC53: 112.3 | AD53: 117
A54: Urban | B54: 2014 | C54: June | D54: 123.1 | E54: 125.9 | F54: 115.4 | G54: 120.4 | H54: 103.4 | I54: 131.2 | J54: 137.5 | K54: 112.8 | L54: 101.4 | M54: 118.3 | N54: 113.2 | O54: 122.4 | P54: 122 | Q54: 119 | R54: 117.4 | S54: 113.2 | T54: 116.7 | U54: 113.9 | V54: 111.2 | W54: 114.3 | X54: 111.4 | Y54: 111.5 | Z54: 111.8 | AA54: 115.1 | AB54: 108.7 | AC54: 112.2 | AD54: 116.4
A55: Rural+Urban | B55: 2014 | C55: June | D55: 121.5 | E55: 123.1 | F55: 115.8 | G55: 119.7 | H55: 107.8 | I55: 128.3 | J55: 132.1 | K55: 112.4 | L55: 102.9 | M55: 114.3 | N55: 114.2 | O55: 121.2 | P55: 120.4 | Q55: 117.8 | R55: 118.8 | S55: 115.6 | T55: 118.3 | U55: 113.9 | V55: 113.2 | W55: 114.6 | X55: 112.3 | Y55: 111.8 | Z55: 111.6 | AA55: 114.8 | AB55: 108.3 | AC55: 112.3 | AD55: 116.7
A56: Rural | B56: 2014 | C56: July | D56: 121.7 | E56: 122.5 | F56: 117.7 | G56: 120.6 | H56: 110.4 | I56: 129.1 | J56: 150.1 | K56: 113.2 | L56: 104.8 | M56: 113.3 | N56: 115.6 | O56: 120.9 | P56: 123.3 | Q56: 118 | R56: 120.7 | S56: 118.3 | T56: 120.3 | V56: 115.3 | W56: 115.4 | X56: 113.4 | Y56: 113.2 | Z56: 111.8 | AA56: 115.5 | AB56: 108.8 | AC56: 113.1 | AD56: 119.5
A57: Urban | B57: 2014 | C57: July | D57: 123.8 | E57: 126.4 | F57: 118 | G57: 121.6 | H57: 103.5 | I57: 133.7 | J57: 172.4 | K57: 113.1 | L57: 102.7 | M57: 120 | N57: 113.8 | O57: 123.4 | P57: 127.1 | Q57: 121 | R57: 118 | S57: 113.6 | T57: 117.4 | U57: 114.8 | V57: 111.6 | W57: 114.9 | X57: 111.5 | Y57: 113 | Z57: 112.4 | AA57: 117.8 | AB57: 109.7 | AC57: 113.5 | AD57: 118.9
A58: Rural+Urban | B58: 2014 | C58: July | D58: 122.4 | E58: 123.9 | F58: 117.8 | G58: 121 | H58: 107.9 | I58: 131.2 | J58: 157.7 | K58: 113.2 | L58: 104.1 | M58: 115.5 | N58: 114.8 | O58: 122.1 | P58: 124.7 | Q58: 118.8 | R58: 119.6 | S58: 116.3 | T58: 119.1 | U58: 114.8 | V58: 113.9 | W58: 115.2 | X58: 112.7 | Y58: 113.1 | Z58: 112.1 | AA58: 116.8 | AB58: 109.2 | AC58: 113.3 | AD58: 119.2
A59: Rural | B59: 2014 | C59: August | D59: 121.8 | E59: 122.8 | F59: 117.8 | G59: 121.9 | H59: 110.6 | I59: 129.7 | J59: 161.1 | K59: 114.1 | L59: 105.1 | M59: 114.6 | N59: 115.8 | O59: 121.7 | P59: 125.3 | Q59: 118.8 | R59: 120.9 | S59: 118.8 | T59: 120.7 | V59: 115.4 | W59: 115.9 | X59: 114 | Y59: 113.2 | Z59: 112.2 | AA59: 116.2 | AB59: 109.4 | AC59: 113.5 | AD59: 120.7
A60: Urban | B60: 2014 | C60: August | D60: 124.8 | E60: 127.3 | F60: 116.5 | G60: 122.2 | H60: 103.6 | I60: 132.7 | J60: 181.9 | K60: 115.2 | L60: 102.7 | M60: 122.1 | N60: 114.4 | O60: 124.7 | P60: 128.9 | Q60: 123 | R60: 118.6 | S60: 114.1 | T60: 117.9 | U60: 115.5 | V60: 111.8 | W60: 115.3 | X60: 112.2 | Y60: 112.5 | Z60: 112.9 | AA60: 119.2 | AB60: 110.5 | AC60: 113.9 | AD60: 119.9
A61: Rural+Urban | B61: 2014 | C61: August | D61: 122.7 | E61: 124.4 | F61: 117.3 | G61: 122 | H61: 108 | I61: 131.1 | J61: 168.2 | K61: 114.5 | L61: 104.3 | M61: 117.1 | N61: 115.2 | O61: 123.1 | P61: 126.6 | Q61: 119.9 | R61: 120 | S61: 116.8 | T61: 119.6 | U61: 115.5 | V61: 114 | W61: 115.6 | X61: 113.3 | Y61: 112.8 | Z61: 112.6 | AA61: 118 | AB61: 109.9 | AC61: 113.7 | AD61: 120.3
A62: Rural | B62: 2014 | C62: September | D62: 122.3 | E62: 122.4 | F62: 117.8 | G62: 122.7 | H62: 110.4 | I62: 129.8 | J62: 158.8 | K62: 115 | L62: 104.7 | M62: 114.9 | N62: 116.5 | O62: 122.6 | P62: 125.3 | Q62: 119.5 | R62: 121.7 | S62: 119.2 | T62: 121.3 | V62: 115.8 | W62: 116.7 | X62: 114.5 | Y62: 112.8 | Z62: 112.6 | AA62: 116.6 | AB62: 109.1 | AC62: 113.7 | AD62: 120.9
A63: Urban | B63: 2014 | C63: September | D63: 124.2 | E63: 125.4 | F63: 116.4 | G63: 122.7 | H63: 103.5 | I63: 124.5 | J63: 168.6 | K63: 116.9 | L63: 101.9 | M63: 122.9 | N63: 114.8 | O63: 125.2 | P63: 126.7 | Q63: 124.3 | R63: 119.2 | S63: 114.5 | T63: 118.4 | U63: 116.1 | V63: 111.8 | W63: 115.5 | X63: 112.3 | Y63: 111.2 | Z63: 113.4 | AA63: 120 | AB63: 110 | AC63: 113.6 | AD63: 119.2
A64: Rural+Urban | B64: 2014 | C64: September | D64: 122.9 | E64: 123.5 | F64: 117.3 | G64: 122.7 | H64: 107.9 | I64: 127.3 | J64: 162.1 | K64: 115.6 | L64: 103.8 | M64: 117.6 | N64: 115.8 | O64: 123.8 | P64: 125.8 | Q64: 120.8 | R64: 120.7 | S64: 117.2 | T64: 120.1 | U64: 116.1 | V64: 114.3 | W64: 116.1 | X64: 113.7 | Y64: 112 | Z64: 113.1 | AA64: 118.6 | AB64: 109.5 | AC64: 113.7 | AD64: 120.1
A65: Rural | B65: 2014 | C65: October | D65: 122.6 | E65: 122.5 | F65: 118.3 | G65: 123.2 | H65: 110.5 | I65: 128.9 | J65: 155.3 | K65: 115.5 | L65: 104 | M65: 115.3 | N65: 116.8 | O65: 123.2 | P65: 125.1 | Q65: 120 | R65: 122.7 | S65: 120.3 | T65: 122.3 | V65: 116.4 | W65: 117.5 | X65: 115.3 | Y65: 112.6 | Z65: 113 | AA65: 116.9 | AB65: 109.3 | AC65: 114 | AD65: 121
A66: Urban | B66: 2014 | C66: October | D66: 124.6 | E66: 126.1 | F66: 117.8 | G66: 123.1 | H66: 103.5 | I66: 123.5 | J66: 159.6 | K66: 117.4 | L66: 101.2 | M66: 123.8 | N66: 115.2 | O66: 125.9 | P66: 125.8 | Q66: 124.3 | R66: 119.6 | S66: 114.9 | T66: 118.9 | U66: 116.7 | V66: 112 | W66: 115.8 | X66: 112.6 | Y66: 111 | Z66: 113.6 | AA66: 120.2 | AB66: 110.1 | AC66: 113.7 | AD66: 119.1
A67: Rural+Urban | B67: 2014 | C67: October | D67: 123.2 | E67: 123.8 | F67: 118.1 | G67: 123.2 | H67: 107.9 | I67: 126.4 | J67: 156.8 | K67: 116.1 | L67: 103.1 | M67: 118.1 | N67: 116.1 | O67: 124.5 | P67: 125.4 | Q67: 121.1 | R67: 121.5 | S67: 118.1 | T67: 121 | U67: 116.7 | V67: 114.7 | W67: 116.7 | X67: 114.3 | Y67: 111.8 | Z67: 113.3 | AA67: 118.8 | AB67: 109.6 | AC67: 113.9 | AD67: 120.1
A68: Rural | B68: 2014 | C68: November | D68: 122.7 | E68: 122.6 | F68: 119.9 | G68: 124 | H68: 110.5 | I68: 128.8 | J68: 152 | K68: 116.2 | L68: 103.3 | M68: 115.8 | N68: 116.8 | O68: 124.5 | P68: 124.9 | Q68: 120.8 | R68: 123.3 | S68: 120.5 | T68: 122.9 | V68: 117.3 | W68: 118.1 | X68: 115.9 | Y68: 112 | Z68: 113.3 | AA68: 117.2 | AB68: 108.8 | AC68: 114.1 | AD68: 121.1
A69: Urban | B69: 2014 | C69: November | D69: 124.5 | E69: 125.6 | F69: 122.7 | G69: 124.6 | H69: 103.2 | I69: 122.2 | J69: 153.2 | K69: 119.3 | L69: 99.8 | M69: 124.6 | N69: 115.8 | O69: 126.9 | P69: 125.4 | Q69: 125.8 | R69: 120.3 | S69: 115.4 | T69: 119.5 | U69: 117.1 | V69: 112.6 | W69: 116.4 | X69: 113 | Y69: 109.7 | Z69: 114 | AA69: 120.3 | AB69: 109.6 | AC69: 113.4 | AD69: 119
A70: Rural+Urban | B70: 2014 | C70: November | D70: 123.3 | E70: 123.7 | F70: 121 | G70: 124.2 | H70: 107.8 | I70: 125.7 | J70: 152.4 | K70: 117.2 | L70: 102.1 | M70: 118.7 | N70: 116.4 | O70: 125.6 | P70: 125.1 | Q70: 122.1 | R70: 122.1 | S70: 118.4 | T70: 121.6 | U70: 117.1 | V70: 115.5 | W70: 117.3 | X70: 114.8 | Y70: 110.8 | Z70: 113.7 | AA70: 119 | AB70: 109.1 | AC70: 113.8 | AD70: 120.1
A71: Rural | B71: 2014 | C71: December | D71: 122.4 | E71: 122.4 | F71: 121.8 | G71: 124.2 | H71: 110.2 | I71: 128.6 | J71: 140.3 | K71: 116.3 | L71: 102 | M71: 116 | N71: 117.3 | O71: 124.8 | P71: 123.3 | Q71: 121.7 | R71: 123.8 | S71: 120.6 | T71: 123.3 | V71: 117.4 | W71: 118.2 | X71: 116.2 | Y71: 111.5 | Z71: 113.3 | AA71: 117.7 | AB71: 109.4 | AC71: 114.2 | AD71: 120.3
A72: Urban | B72: 2014 | C72: December | D72: 124 | E72: 124.7 | F72: 126.3 | G72: 124.9 | H72: 103 | I72: 122.3 | J72: 141 | K72: 120.1 | L72: 97.8 | M72: 125.4 | N72: 116.1 | O72: 127.6 | P72: 124 | Q72: 126.4 | R72: 120.7 | S72: 115.8 | T72: 120 | U72: 116.5 | V72: 113 | W72: 116.8 | X72: 113.2 | Y72: 108.8 | Z72: 114.3 | AA72: 120.7 | AB72: 110.4 | AC72: 113.4 | AD72: 118.4
A73: Rural+Urban | B73: 2014 | C73: December | D73: 122.9 | E73: 123.2 | F73: 123.5 | G73: 124.5 | H73: 107.6 | I73: 125.7 | J73: 140.5 | K73: 117.6 | L73: 100.6 | M73: 119.1 | N73: 116.8 | O73: 126.1 | P73: 123.6 | Q73: 123 | R73: 122.6 | S73: 118.6 | T73: 122 | U73: 116.5 | V73: 115.7 | W73: 117.5 | X73: 115.1 | Y73: 110.1 | Z73: 113.9 | AA73: 119.5 | AB73: 109.8 | AC73: 113.8 | AD73: 119.4
A74: Rural | B74: 2015 | C74: January | D74: 123.1 | E74: 123.1 | F74: 122.1 | G74: 124.9 | H74: 111 | I74: 130.4 | J74: 132.3 | K74: 117.2 | L74: 100.5 | M74: 117.2 | N74: 117.9 | O74: 125.6 | P74: 122.8 | Q74: 122.7 | R74: 124.4 | S74: 121.6 | T74: 124 | V74: 118.4 | W74: 118.9 | X74: 116.6 | Y74: 111 | Z74: 114 | AA74: 118.2 | AB74: 110.2 | AC74: 114.5 | AD74: 120.3
A75: Urban | B75: 2015 | C75: January | D75: 124 | E75: 125.5 | F75: 126.6 | G75: 125.2 | H75: 104.3 | I75: 121.3 | J75: 134.4 | K75: 122.9 | L75: 96.1 | M75: 126.6 | N75: 116.5 | O75: 128 | P75: 123.5 | Q75: 127.4 | R75: 121 | S75: 116.1 | T75: 120.2 | U75: 117.3 | V75: 113.4 | W75: 117.2 | X75: 113.7 | Y75: 107.9 | Z75: 114.6 | AA75: 120.8 | AB75: 111.4 | AC75: 113.4 | AD75: 118.5
A76: Rural+Urban | B76: 2015 | C76: January | D76: 123.4 | E76: 123.9 | F76: 123.8 | G76: 125 | H76: 108.5 | I76: 126.2 | J76: 133 | K76: 119.1 | L76: 99 | M76: 120.3 | N76: 117.3 | O76: 126.7 | P76: 123.1 | Q76: 124 | R76: 123.1 | S76: 119.3 | T76: 122.5 | U76: 117.3 | V76: 116.5 | W76: 118.1 | X76: 115.5 | Y76: 109.4 | Z76: 114.3 | AA76: 119.7 | AB76: 110.7 | AC76: 114 | AD76: 119.5
A77: Rural | B77: 2015 | C77: February | D77: 123.4 | E77: 124.4 | F77: 122.1 | G77: 125.8 | H77: 111.5 | I77: 129.4 | J77: 128.2 | K77: 118.8 | L77: 100 | M77: 118.6 | N77: 118.8 | O77: 126.8 | P77: 122.8 | Q77: 124.2 | R77: 125.4 | S77: 122.7 | T77: 125 | V77: 120 | W77: 119.6 | X77: 117.7 | Y77: 110.9 | Z77: 114.8 | AA77: 118.7 | AB77: 110.8 | AC77: 115 | AD77: 120.6
A78: Urban | B78: 2015 | C78: February | D78: 124.3 | E78: 126.5 | F78: 119.5 | G78: 125.6 | H78: 104.9 | I78: 121.6 | J78: 131.8 | K78: 125.1 | L78: 95 | M78: 127.7 | N78: 116.8 | O78: 128.6 | P78: 123.7 | Q78: 128.1 | R78: 121.3 | S78: 116.5 | T78: 120.6 | U78: 118.1 | V78: 114 | W78: 117.7 | X78: 114.1 | Y78: 106.8 | Z78: 114.9 | AA78: 120.4 | AB78: 111.7 | AC78: 113.2 | AD78: 118.7
A79: Rural+Urban | B79: 2015 | C79: February | D79: 123.7 | E79: 125.1 | F79: 121.1 | G79: 125.7 | H79: 109.1 | I79: 125.8 | J79: 129.4 | K79: 120.9 | L79: 98.3 | M79: 121.6 | N79: 118 | O79: 127.6 | P79: 123.1 | Q79: 125.2 | R79: 123.8 | S79: 120.1 | T79: 123.3 | U79: 118.1 | V79: 117.7 | W79: 118.7 | X79: 116.3 | Y79: 108.7 | Z79: 114.9 | AA79: 119.7 | AB79: 111.2 | AC79: 114.1 | AD79: 119.7
A80: Rural | B80: 2015 | C80: March | D80: 123.3 | E80: 124.7 | F80: 118.9 | G80: 126 | H80: 111.8 | I80: 130.9 | J80: 128 | K80: 119.9 | L80: 98.9 | M80: 119.4 | N80: 118.9 | O80: 127.7 | P80: 123.1 | Q80: 124.7 | R80: 126 | S80: 122.9 | T80: 125.5 | V80: 120.6 | W80: 120.2 | X80: 118.2 | Y80: 111.6 | Z80: 115.5 | AA80: 119.4 | AB80: 110.8 | AC80: 115.5 | AD80: 121.1
A81: Urban | B81: 2015 | C81: March | D81: 124 | E81: 126.7 | F81: 113.5 | G81: 125.9 | H81: 104.8 | I81: 123.8 | J81: 131.4 | K81: 127.2 | L81: 93.2 | M81: 127.4 | N81: 117 | O81: 129.2 | P81: 123.9 | Q81: 128.8 | R81: 121.7 | S81: 116.9 | T81: 120.9 | U81: 118.6 | V81: 114.4 | W81: 118 | X81: 114.3 | Y81: 108.4 | Z81: 115.4 | AA81: 120.6 | AB81: 111.3 | AC81: 113.8 | AD81: 119.1
A82: Rural+Urban | B82: 2015 | C82: March | D82: 123.5 | E82: 125.4 | F82: 116.8 | G82: 126 | H82: 109.2 | I82: 127.6 | J82: 129.2 | K82: 122.4 | L82: 97 | M82: 122.1 | N82: 118.1 | O82: 128.4 | P82: 123.4 | Q82: 125.8 | R82: 124.3 | S82: 120.4 | T82: 123.7 | U82: 118.6 | V82: 118.3 | W82: 119.2 | X82: 116.7 | Y82: 109.9 | Z82: 115.4 | AA82: 120.1 | AB82: 111 | AC82: 114.7 | AD82: 120.2
A83: Rural | B83: 2015 | C83: April | D83: 123.3 | E83: 125.5 | F83: 117.2 | G83: 126.8 | H83: 111.9 | I83: 134.2 | J83: 127.5 | K83: 121.5 | L83: 97.8 | M83: 119.8 | N83: 119.4 | O83: 128.7 | P83: 123.6 | Q83: 125.7 | R83: 126.4 | S83: 123.3 | T83: 126 | V83: 121.2 | W83: 120.9 | X83: 118.6 | Y83: 111.9 | Z83: 116.2 | AA83: 119.9 | AB83: 111.6 | AC83: 116 | AD83: 121.5
A84: Urban | B84: 2015 | C84: April | D84: 123.8 | E84: 128.2 | F84: 110 | G84: 126.3 | H84: 104.5 | I84: 130.6 | J84: 130.8 | K84: 131.3 | L84: 91.6 | M84: 127.7 | N84: 117.2 | O84: 129.5 | P84: 124.6 | Q84: 130.1 | R84: 122.1 | S84: 117.2 | T84: 121.3 | U84: 119.2 | V84: 114.7 | W84: 118.4 | X84: 114.6 | Y84: 108.4 | Z84: 115.6 | AA84: 121.7 | AB84: 111.8 | AC84: 114.2 | AD84: 119.7
A85: Rural+Urban | B85: 2015 | C85: April | D85: 123.5 | E85: 126.4 | F85: 114.4 | G85: 126.6 | H85: 109.2 | I85: 132.5 | J85: 128.6 | K85: 124.8 | L85: 95.7 | M85: 122.4 | N85: 118.5 | O85: 129.1 | P85: 124 | Q85: 126.9 | R85: 124.7 | S85: 120.8 | T85: 124.1 | U85: 119.2 | V85: 118.7 | W85: 119.7 | X85: 117.1 | Y85: 110.1 | Z85: 115.9 | AA85: 121 | AB85: 111.7 | AC85: 115.1 | AD85: 120.7
A86: Rural | B86: 2015 | C86: May | D86: 123.5 | E86: 127.1 | F86: 117.3 | G86: 127.7 | H86: 112.5 | I86: 134.1 | J86: 128.5 | K86: 124.3 | L86: 97.6 | M86: 120.7 | N86: 120.2 | O86: 129.8 | P86: 124.4 | Q86: 126.7 | R86: 127.3 | S86: 124.1 | T86: 126.8 | V86: 121.9 | W86: 121.5 | X86: 119.4 | Y86: 113.3 | Z86: 116.7 | AA86: 120.5 | AB86: 112.3 | AC86: 116.9 | AD86: 122.4
A87: Urban | B87: 2015 | C87: May | D87: 123.8 | E87: 129.7 | F87: 111.3 | G87: 126.6 | H87: 105.2 | I87: 130.8 | J87: 135.6 | K87: 142.6 | L87: 90.8 | M87: 128.8 | N87: 117.7 | O87: 129.9 | P87: 126.1 | Q87: 131.3 | R87: 122.4 | S87: 117.4 | T87: 121.6 | U87: 119.6 | V87: 114.9 | W87: 118.7 | X87: 114.9 | Y87: 110.8 | Z87: 116 | AA87: 122 | AB87: 112.4 | AC87: 115.2 | AD87: 120.7
A88: Rural+Urban | B88: 2015 | C88: May | D88: 123.6 | E88: 128 | F88: 115 | G88: 127.3 | H88: 109.8 | I88: 132.6 | J88: 130.9 | K88: 130.5 | L88: 95.3 | M88: 123.4 | N88: 119.2 | O88: 129.8 | P88: 125 | Q88: 127.9 | R88: 125.4 | S88: 121.3 | T88: 124.7 | U88: 119.6 | V88: 119.2 | W88: 120.2 | X88: 117.7 | Y88: 112 | Z88: 116.3 | AA88: 121.4 | AB88: 112.3 | AC88: 116.1 | AD88: 121.6
A89: Rural | B89: 2015 | C89: June | D89: 124.1 | E89: 130.4 | F89: 122.1 | G89: 128.7 | H89: 114.1 | I89: 133.2 | J89: 135.2 | K89: 131.9 | L89: 96.3 | M89: 123 | N89: 121.1 | O89: 131.2 | P89: 126.6 | Q89: 128.2 | R89: 128.4 | S89: 125.1 | T89: 128 | V89: 122.6 | W89: 122.8 | X89: 120.4 | Y89: 114.2 | Z89: 117.9 | AA89: 122 | AB89: 113 | AC89: 117.9 | AD89: 124.1
A90: Urban | B90: 2015 | C90: June | D90: 123.6 | E90: 134.4 | F90: 120.9 | G90: 127.3 | H90: 106 | I90: 132.3 | J90: 146.7 | K90: 148.1 | L90: 89.8 | M90: 130.5 | N90: 118 | O90: 130.5 | P90: 128.5 | Q90: 132.1 | R90: 123.2 | S90: 117.6 | T90: 122.3 | U90: 119 | V90: 115.1 | W90: 119.2 | X90: 115.4 | Y90: 111.7 | Z90: 116.2 | AA90: 123.8 | AB90: 112.5 | AC90: 116 | AD90: 121.7
A91: Rural+Urban | B91: 2015 | C91: June | D91: 123.9 | E91: 131.8 | F91: 121.6 | G91: 128.2 | H91: 111.1 | I91: 132.8 | J91: 139.1 | K91: 137.4 | L91: 94.1 | M91: 125.5 | N91: 119.8 | O91: 130.9 | P91: 127.3 | Q91: 129.2 | R91: 126.4 | S91: 122 | T91: 125.7 | U91: 119 | V91: 119.8 | W91: 121.1 | X91: 118.5 | Y91: 112.9 | Z91: 116.9 | AA91: 123.1 | AB91: 112.8 | AC91: 117 | AD91: 123
A92: Rural | B92: 2015 | C92: July | D92: 124 | E92: 131.5 | F92: 122 | G92: 128.7 | H92: 113.5 | I92: 133.3 | J92: 140.8 | K92: 133.8 | L92: 94.1 | M92: 123.4 | N92: 121 | O92: 131.7 | P92: 127.5 | Q92: 129.4 | R92: 128.8 | S92: 125.5 | T92: 128.3 | V92: 123 | W92: 123 | X92: 120.8 | Y92: 114.1 | Z92: 118 | AA92: 122.9 | AB92: 112.7 | AC92: 118.1 | AD92: 124.7
A93: Urban | B93: 2015 | C93: July | D93: 123.2 | E93: 134.3 | F93: 119.5 | G93: 127.7 | H93: 106.3 | I93: 132.8 | J93: 153.5 | K93: 149.5 | L93: 85.7 | M93: 131.5 | N93: 118.3 | O93: 131.1 | P93: 129.5 | Q93: 133.1 | R93: 123.5 | S93: 117.9 | T93: 122.7 | U93: 119.9 | V93: 115.3 | W93: 119.5 | X93: 116 | Y93: 111.5 | Z93: 116.6 | AA93: 125.4 | AB93: 111.7 | AC93: 116.3 | AD93: 122.4
A94: Rural+Urban | B94: 2015 | C94: July | D94: 123.7 | E94: 132.5 | F94: 121 | G94: 128.3 | H94: 110.9 | I94: 133.1 | J94: 145.1 | K94: 139.1 | L94: 91.3 | M94: 126.1 | N94: 119.9 | O94: 131.4 | P94: 128.2 | Q94: 130.4 | R94: 126.7 | S94: 122.3 | T94: 126.1 | U94: 119.9 | V94: 120.1 | W94: 121.3 | X94: 119 | Y94: 112.7 | Z94: 117.2 | AA94: 124.4 | AB94: 112.3 | AC94: 117.2 | AD94: 123.6
A95: Rural | B95: 2015 | C95: August | D95: 124.7 | E95: 131.3 | F95: 121.3 | G95: 128.8 | H95: 114 | I95: 134.2 | J95: 153.6 | K95: 137.9 | L95: 93.1 | M95: 123.9 | N95: 121.5 | O95: 132.5 | P95: 129.8 | Q95: 130.1 | R95: 129.5 | S95: 126.3 | T95: 129 | V95: 123.8 | W95: 123.7 | X95: 121.1 | Y95: 113.6 | Z95: 118.5 | AA95: 123.6 | AB95: 112.5 | AC95: 118.2 | AD95: 126.1
A96: Urban | B96: 2015 | C96: August | D96: 123.1 | E96: 131.7 | F96: 118.1 | G96: 128 | H96: 106.8 | I96: 130.1 | J96: 165.5 | K96: 156 | L96: 85.3 | M96: 132.7 | N96: 118.8 | O96: 131.7 | P96: 131.1 | Q96: 134.2 | R96: 123.7 | S96: 118.2 | T96: 122.9 | U96: 120.9 | V96: 115.3 | W96: 120 | X96: 116.6 | Y96: 109.9 | Z96: 117.2 | AA96: 126.2 | AB96: 112 | AC96: 116.2 | AD96: 123.2
A97: Rural+Urban | B97: 2015 | C97: August | D97: 124.2 | E97: 131.4 | F97: 120.1 | G97: 128.5 | H97: 111.4 | I97: 132.3 | J97: 157.6 | K97: 144 | L97: 90.5 | M97: 126.8 | N97: 120.4 | O97: 132.1 | P97: 130.3 | Q97: 131.2 | R97: 127.2 | S97: 122.9 | T97: 126.6 | U97: 120.9 | V97: 120.6 | W97: 122 | X97: 119.4 | Y97: 111.7 | Z97: 117.8 | AA97: 125.1 | AB97: 112.3 | AC97: 117.2 | AD97: 124.8
A98: Rural | B98: 2015 | C98: September | D98: 125.1 | E98: 131.1 | F98: 120.7 | G98: 129.2 | H98: 114.7 | I98: 132.3 | J98: 158.9 | K98: 142.1 | L98: 92.5 | M98: 125.4 | N98: 121.9 | O98: 132.7 | P98: 131 | Q98: 131 | R98: 130.4 | S98: 126.8 | T98: 129.9 | V98: 123.7 | W98: 124.5 | X98: 121.4 | Y98: 113.8 | Z98: 119.6 | AA98: 124.5 | AB98: 113.7 | AC98: 118.8 | AD98: 127
A99: Urban | B99: 2015 | C99: September | D99: 123.4 | E99: 129 | F99: 115.6 | G99: 128.3 | H99: 107 | I99: 124 | J99: 168.5 | K99: 165.4 | L99: 86.3 | M99: 134.4 | N99: 119.1 | O99: 132.3 | P99: 131.5 | Q99: 134.7 | R99: 124 | S99: 118.6 | T99: 123.2 | U99: 121.6 | V99: 115.1 | W99: 120.4 | X99: 117.1 | Y99: 109.1 | Z99: 117.3 | AA99: 126.5 | AB99: 112.9 | AC99: 116.2 | AD99: 123.5
A100: Rural+Urban | B100: 2015 | C100: September | D100: 124.6 | E100: 130.4 | F100: 118.7 | G100: 128.9 | H100: 111.9 | I100: 128.4 | J100: 162.2 | K100: 150 | L100: 90.4 | M100: 128.4 | N100: 120.7 | O100: 132.5 | P100: 131.2 | Q100: 132 | R100: 127.9 | S100: 123.4 | T100: 127.2 | U100: 121.6 | V100: 120.4 | W100: 122.6 | X100: 119.8 | Y100: 111.3 | Z100: 118.3 | AA100: 125.7 | AB100: 113.4 | AC100: 117.5 | AD100: 125.4
...

Sheet Problem Statement
A1: 1. Based on the latest month's data, identify the contribution of different broader categories (food, energy, transportation, education, etc.) towards the CPI basket. | B1: Broader categories (buckets) can be created by combining similar categories into one bucket. | C1: Example: Meals, Beverages, Cereals can be clubbed to create a "Food" category, etc. | D1: Which broader category has the highest contribution towards CPI calculation? | E1: Contribution is calculated by evaluating the underlying index values for the broader category and should add to 100% when contribution from different broader categories are added.
A2: 2. A trend of Y-o-Y increase in CPI (rural + urban) inflation starting 2017 for the entire basket of products combined. | B2: Create a graph depicting the growth rate Y-o-Y and identify the year with highest inflation rate. | C2: Highlight the reason why the year has the highest inflation (based on research).
A3: 3. With India's retail inflation reaching a 3-month high of 5.55% in November 2023, largely due to a sharp rise in food prices. Analyze the following for 12 months ending May'23. | B3: Investigate trends in the prices of broader food bucket category and evaluate month-on-month changes. Highlight month with highest and lowest food inflation. | C3: Identify the absolute changes in inflation over the same 12 months period and identify the biggest individual category contributor (only within broader food category) towards inflation.
A4: 4. Investigate how the onset and progression of the COVID-19 pandemic affected inflation rates in India. Analyze the impact of key pandemic milestone (first lockdown) on the CPI inflation %, especially focus on categories like healthcare, food, and essential services. | B4: Hint: You can consider Mar'20 as the onset of covid, and can compare the inflation trend before and after Mar'20 to see if there is a change in inflation % before and after.
A5: 5. Investigate how major global economic events (like imported crude oil price fluctuations) have influence India's inflation. This can include an analysis of imported goods and their price trends. | B5: For the purpose of this analysis, focus only on the imported oil price fluctuations for years 2021 to 2023 (Month-on-month). | C5: Identify trends in oil price change with change in inflation prices of all the categories and identify category whose inflation prices strongly changes with fluctuations in imported oil price (Hint: you can use =CORREL function).

Sheet Data Preparation
A1: Sector | B1: Year | C1: Month | D1: Date | E1: General Index | F1: YoY Inflation % | G1: MoM Inflation % | H1: Food Index | I1: Food MoM % | J1: COVID Period
A2: ='Row Data'!A2 -> Rural | B2: ='Row Data'!B2 -> 2013 | C2: ='Row Data'!C2 -> January | D2: =DATE(B2,MATCH(C2,{"January","February","March","April","May","June","July","August","September","October","November","December"},0),1) -> 41275 | E2: ='Row Data'!AD2 -> 105.1 | F2: =IFERROR(E2/SUMIFS($E:$E,$A:$A,A2,$B:$B,B2-1,$C:$C,C2)-1,"") | G2: =IFERROR(E2/SUMIFS($E:$E,$A:$A,A2,$D:$D,EDATE(D2,-1))-1,"") | H2: ='Row Data'!P2 -> 105.5 | I2: =IFERROR(H2/SUMIFS($H:$H,$A:$A,A2,$D:$D,EDATE(D2,-1))-1,"") | J2: =IF(D2<DATE(2020,3,1),"Pre-COVID",IF(D2=DATE(2020,3,1),"COVID Onset / Mar-20",IF(D2<=DATE(2021,12,31),"COVID Period","Post-COVID"))) -> Pre-COVID
A3: ='Row Data'!A3 -> Urban | B3: ='Row Data'!B3 -> 2013 | C3: ='Row Data'!C3 -> January | D3: =DATE(B3,MATCH(C3,{"January","February","March","April","May","June","July","August","September","October","November","December"},0),1) -> 41275 | E3: ='Row Data'!AD3 -> 104 | F3: =IFERROR(E3/SUMIFS($E:$E,$A:$A,A3,$B:$B,B3-1,$C:$C,C3)-1,"") | G3: =IFERROR(E3/SUMIFS($E:$E,$A:$A,A3,$D:$D,EDATE(D3,-1))-1,"") | H3: ='Row Data'!P3 -> 105.9 | I3: =IFERROR(H3/SUMIFS($H:$H,$A:$A,A3,$D:$D,EDATE(D3,-1))-1,"") | J3: =IF(D3<DATE(2020,3,1),"Pre-COVID",IF(D3=DATE(2020,3,1),"COVID Onset / Mar-20",IF(D3<=DATE(2021,12,31),"COVID Period","Post-COVID"))) -> Pre-COVID
A4: ='Row Data'!A4 -> Rural+Urban | B4: ='Row Data'!B4 -> 2013 | C4: ='Row Data'!C4 -> January | D4: =DATE(B4,MATCH(C4,{"January","February","March","April","May","June","July","August","September","October","November","December"},0),1) -> 41275 | E4: ='Row Data'!AD4 -> 104.6 | F4: =IFERROR(E4/SUMIFS($E:$E,$A:$A,A4,$B:$B,B4-1,$C:$C,C4)-1,"") | G4: =IFERROR(E4/SUMIFS($E:$E,$A:$A,A4,$D:$D,EDATE(D4,-1))-1,"") | H4: ='Row Data'!P4 -> 105.6 | I4: =IFERROR(H4/SUMIFS($H:$H,$A:$A,A4,$D:$D,EDATE(D4,-1))-1,"") | J4: =IF(D4<DATE(2020,3,1),"Pre-COVID",IF(D4=DATE(2020,3,1),"COVID Onset / Mar-20",IF(D4<=DATE(2021,12,31),"COVID Period","Post-COVID"))) -> Pre-COVID
A5: ='Row Data'!A5 -> Rural | B5: ='Row Data'!B5 -> 2013 | C5: ='Row Data'!C5 -> February | D5: =DATE(B5,MATCH(C5,{"January","February","March","April","May","June","July","August","September","October","November","December"},0),1) -> 41306 | E5: ='Row Data'!AD5 -> 105.8 | F5: =IFERROR(E5/SUMIFS($E:$E,$A:$A,A5,$B:$B,B5-1,$C:$C,C5)-1,"") | G5: =IFERROR(E5/SUMIFS($E:$E,$A:$A,A5,$D:$D,EDATE(D5,-1))-1,"") -> 0.0066603235 | H5: ='Row Data'!P5 -> 106.3 | I5: =IFERROR(H5/SUMIFS($H:$H,$A:$A,A5,$D:$D,EDATE(D5,-1))-1,"") -> 0.0075829384 | J5: =IF(D5<DATE(2020,3,1),"Pre-COVID",IF(D5=DATE(2020,3,1),"COVID Onset / Mar-20",IF(D5<=DATE(2021,12,31),"COVID Period","Post-COVID"))) -> Pre-COVID
A6: ='Row Data'!A6 -> Urban | B6: ='Row Data'!B6 -> 2013 | C6: ='Row Data'!C6 -> February | D6: =DATE(B6,MATCH(C6,{"January","February","March","April","May","June","July","August","September","October","November","December"},0),1) -> 41306 | E6: ='Row Data'!AD6 -> 104.7 | F6: =IFERROR(E6/SUMIFS($E:$E,$A:$A,A6,$B:$B,B6-1,$C:$C,C6)-1,"") | G6: =IFERROR(E6/SUMIFS($E:$E,$A:$A,A6,$D:$D,EDATE(D6,-1))-1,"") -> 0.0067307692 | H6: ='Row Data'!P6 -> 107.2 | I6: =IFERROR(H6/SUMIFS($H:$H,$A:$A,A6,$D:$D,EDATE(D6,-1))-1,"") -> 0.012275732 | J6: =IF(D6<DATE(2020,3,1),"Pre-COVID",IF(D6=DATE(2020,3,1),"COVID Onset / Mar-20",IF(D6<=DATE(2021,12,31),"COVID Period","Post-COVID"))) -> Pre-COVID
A7: ='Row Data'!A7 -> Rural+Urban | B7: ='Row Data'!B7 -> 2013 | C7: ='Row Data'!C7 -> February | D7: =DATE(B7,MATCH(C7,{"January","February","March","April","May","June","July","August","September","October","November","December"},0),1) -> 41306 | E7: ='Row Data'!AD7 -> 105.3 | F7: =IFERROR(E7/SUMIFS($E:$E,$A:$A,A7,$B:$B,B7-1,$C:$C,C7)-1,"") | G7: =IFERROR(E7/SUMIFS($E:$E,$A:$A,A7,$D:$D,EDATE(D7,-1))-1,"") -> 0.0066921606 | H7: ='Row Data'!P7 -> 106.6 | I7: =IFERROR(H7/SUMIFS($H:$H,$A:$A,A7,$D:$D,EDATE(D7,-1))-1,"") -> 0.009469697 | J7: =IF(D7<DATE(2020,3,1),"Pre-COVID",IF(D7=DATE(2020,3,1),"COVID Onset / Mar-20",IF(D7<=DATE(2021,12,31),"COVID Period","Post-COVID"))) -> Pre-COVID
A8: ='Row Data'!A8 -> Rural | B8: ='Row Data'!B8 -> 2013 | C8: ='Row Data'!C8 -> March | D8: =DATE(B8,MATCH(C8,{"January","February","March","April","May","June","July","August","September","October","November","December"},0),1) -> 41334 | E8: ='Row Data'!AD8 -> 106 | F8: =IFERROR(E8/SUMIFS($E:$E,$A:$A,A8,$B:$B,B8-1,$C:$C,C8)-1,"") | G8: =IFERROR(E8/SUMIFS($E:$E,$A:$A,A8,$D:$D,EDATE(D8,-1))-1,"") -> 0.0018903592 | H8: ='Row Data'!P8 -> 106.6 | I8: =IFERROR(H8/SUMIFS($H:$H,$A:$A,A8,$D:$D,EDATE(D8,-1))-1,"") -> 0.0028222013 | J8: =IF(D8<DATE(2020,3,1),"Pre-COVID",IF(D8=DATE(2020,3,1),"COVID Onset / Mar-20",IF(D8<=DATE(2021,12,31),"COVID Period","Post-COVID"))) -> Pre-COVID
A9: ='Row Data'!A9 -> Urban | B9: ='Row Data'!B9 -> 2013 | C9: ='Row Data'!C9 -> March | D9: =DATE(B9,MATCH(C9,{"January","February","March","April","May","June","July","August","September","October","November","December"},0),1) -> 41334 | E9: ='Row Data'!AD9 -> 105 | F9: =IFERROR(E9/SUMIFS($E:$E,$A:$A,A9,$B:$B,B9-1,$C:$C,C9)-1,"") | G9: =IFERROR(E9/SUMIFS($E:$E,$A:$A,A9,$D:$D,EDATE(D9,-1))-1,"") -> 0.0028653295 | H9: ='Row Data'!P9 -> 107.3 | I9: =IFERROR(H9/SUMIFS($H:$H,$A:$A,A9,$D:$D,EDATE(D9,-1))-1,"") -> 0.00093283582 | J9: =IF(D9<DATE(2020,3,1),"Pre-COVID",IF(D9=DATE(2020,3,1),"COVID Onset / Mar-20",IF(D9<=DATE(2021,12,31),"COVID Period","Post-COVID"))) -> Pre-COVID
A10: ='Row Data'!A10 -> Rural+Urban | B10: ='Row Data'!B10 -> 2013 | C10: ='Row Data'!C10 -> March | D10: =DATE(B10,MATCH(C10,{"January","February","March","April","May","June","July","August","September","October","November","December"},0),1) -> 41334 | E10: ='Row Data'!AD10 -> 105.5 | F10: =IFERROR(E10/SUMIFS($E:$E,$A:$A,A10,$B:$B,B10-1,$C:$C,C10)-1,"") | G10: =IFERROR(E10/SUMIFS($E:$E,$A:$A,A10,$D:$D,EDATE(D10,-1))-1,"") -> 0.0018993352 | H10: ='Row Data'!P10 -> 106.9 | I10: =IFERROR(H10/SUMIFS($H:$H,$A:$A,A10,$D:$D,EDATE(D10,-1))-1,"") -> 0.0028142589 | J10: =IF(D10<DATE(2020,3,1),"Pre-COVID",IF(D10=DATE(2020,3,1),"COVID Onset / Mar-20",IF(D10<=DATE(2021,12,31),"COVID Period","Post-COVID"))) -> Pre-COVID
A11: ='Row Data'!A11 -> Rural | B11: ='Row Data'!B11 -> 2013 | C11: ='Row Data'!C11 -> April | D11: =DATE(B11,MATCH(C11,{"January","February","March","April","May","June","July","August","September","October","November","December"},0),1) -> 41365 | E11: ='Row Data'!AD11 -> 106.4 | F11: =IFERROR(E11/SUMIFS($E:$E,$A:$A,A11,$B:$B,B11-1,$C:$C,C11)-1,"") | G11: =IFERROR(E11/SUMIFS($E:$E,$A:$A,A11,$D:$D,EDATE(D11,-1))-1,"") -> 0.0037735849 | H11: ='Row Data'!P11 -> 107.1 | I11: =IFERROR(H11/SUMIFS($H:$H,$A:$A,A11,$D:$D,EDATE(D11,-1))-1,"") -> 0.0046904315 | J11: =IF(D11<DATE(2020,3,1),"Pre-COVID",IF(D11=DATE(2020,3,1),"COVID Onset / Mar-20",IF(D11<=DATE(2021,12,31),"COVID Period","Post-COVID"))) -> Pre-COVID
A12: ='Row Data'!A12 -> Urban | B12: ='Row Data'!B12 -> 2013 | C12: ='Row Data'!C12 -> April | D12: =DATE(B12,MATCH(C12,{"January","February","March","April","May","June","July","August","September","October","November","December"},0),1) -> 41365 | E12: ='Row Data'!AD12 -> 105.7 | F12: =IFERROR(E12/SUMIFS($E:$E,$A:$A,A12,$B:$B,B12-1,$C:$C,C12)-1,"") | G12: =IFERROR(E12/SUMIFS($E:$E,$A:$A,A12,$D:$D,EDATE(D12,-1))-1,"") -> 0.0066666667 | H12: ='Row Data'!P12 -> 108.8 | I12: =IFERROR(H12/SUMIFS($H:$H,$A:$A,A12,$D:$D,EDATE(D12,-1))-1,"") -> 0.013979497 | J12: =IF(D12<DATE(2020,3,1),"Pre-COVID",IF(D12=DATE(2020,3,1),"COVID Onset / Mar-20",IF(D12<=DATE(2021,12,31),"COVID Period","Post-COVID"))) -> Pre-COVID
A13: ='Row Data'!A13 -> Rural+Urban | B13: ='Row Data'!B13 -> 2013 | C13: ='Row Data'!C13 -> April | D13: =DATE(B13,MATCH(C13,{"January","February","March","April","May","June","July","August","September","October","November","December"},0),1) -> 41365 | E13: ='Row Data'!AD13 -> 106.1 | F13: =IFERROR(E13/SUMIFS($E:$E,$A:$A,A13,$B:$B,B13-1,$C:$C,C13)-1,"") | G13: =IFERROR(E13/SUMIFS($E:$E,$A:$A,A13,$D:$D,EDATE(D13,-1))-1,"") -> 0.0056872038 | H13: ='Row Data'!P13 -> 107.7 | I13: =IFERROR(H13/SUMIFS($H:$H,$A:$A,A13,$D:$D,EDATE(D13,-1))-1,"") -> 0.0074836296 | J13: =IF(D13<DATE(2020,3,1),"Pre-COVID",IF(D13=DATE(2020,3,1),"COVID Onset / Mar-20",IF(D13<=DATE(2021,12,31),"COVID Period","Post-COVID"))) -> Pre-COVID
... A373: ='Row Data'!A373 -> Rural+Urban | B373: ='Row Data'!B373 -> 2023 | C373: ='Row Data'!C373 -> May | D373: =DATE(B373,MATCH(C373,{"January","February","March","April","May","June","July","August","September","October","November","December"},0),1) -> 45047 | E373: ='Row Data'!AD373 -> 179.1 | F373: =IFERROR(E373/SUMIFS($E:$E,$A:$A,A373,$B:$B,B373-1,$C:$C,C373)-1,"") -> 0.043098427 | G373: =IFERROR(E373/SUMIFS($E:$E,$A:$A,A373,$D:$D,EDATE(D373,-1))-1,"") -> 0.0056148231 | H373: ='Row Data'!P373 -> 179.1 | I373: =IFERROR(H373/SUMIFS($H:$H,$A:$A,A373,$D:$D,EDATE(D373,-1))-1,"") -> 0.0067453626 | J373: =IF(D373<DATE(2020,3,1),"Pre-COVID",IF(D373=DATE(2020,3,1),"COVID Onset / Mar-20",IF(D373<=DATE(2021,12,31),"COVID Period","Post-COVID"))) -> Post-COVID

Sheet Q1_CPI Contribution
A1: Broader Category | B1: Index Value | C1: Contribution % | D1: Raw Category
A2: Food | B2: =SUMIFS(INDEX('Row Data'!$A:$AD,0,MATCH(D2,'Row Data'!$1:$1,0)),'Row Data'!$A:$A,"Rural+Urban",'Row Data'!$B:$B,2023,'Row Data'!$C:$C,"April") -> 177.9 | C2: =IFERROR(B2/SUM($B$2:$B$12),0) -> 0.098772972 | D2: Food and beverages
A3: Pan, Tobacco & Intoxicants | B3: =SUMIFS(INDEX('Row Data'!$A:$AD,0,MATCH(D3,'Row Data'!$1:$1,0)),'Row Data'!$A:$A,"Rural+Urban",'Row Data'!$B:$B,2023,'Row Data'!$C:$C,"April") -> 200.6 | C3: =IFERROR(B3/SUM($B$2:$B$12),0) -> 0.11137638 | D3: Pan, tobacco and intoxicants
A4: Clothing & Footwear | B4: =SUMIFS(INDEX('Row Data'!$A:$AD,0,MATCH(D4,'Row Data'!$1:$1,0)),'Row Data'!$A:$A,"Rural+Urban",'Row Data'!$B:$B,2023,'Row Data'!$C:$C,"April") -> 185.7 | C4: =IFERROR(B4/SUM($B$2:$B$12),0) -> 0.10310366 | D4: Clothing and footwear
A5: Housing | B5: =SUMIFS(INDEX('Row Data'!$A:$AD,0,MATCH(D5,'Row Data'!$1:$1,0)),'Row Data'!$A:$A,"Rural+Urban",'Row Data'!$B:$B,2023,'Row Data'!$C:$C,"April") -> 0 | C5: =IFERROR(B5/SUM($B$2:$B$12),0) -> 0 | D5: Housing
A6: Fuel & Light | B6: =SUMIFS(INDEX('Row Data'!$A:$AD,0,MATCH(D6,'Row Data'!$1:$1,0)),'Row Data'!$A:$A,"Rural+Urban",'Row Data'!$B:$B,2023,'Row Data'!$C:$C,"April") -> 181.7 | C6: =IFERROR(B6/SUM($B$2:$B$12),0) -> 0.10088279 | D6: Fuel and light
A7: Household Goods & Services | B7: =SUMIFS(INDEX('Row Data'!$A:$AD,0,MATCH(D7,'Row Data'!$1:$1,0)),'Row Data'!$A:$A,"Rural+Urban",'Row Data'!$B:$B,2023,'Row Data'!$C:$C,"April") -> 174.6 | C7: =IFERROR(B7/SUM($B$2:$B$12),0) -> 0.096940758 | D7: Household goods and services
A8: Health | B8: =SUMIFS(INDEX('Row Data'!$A:$AD,0,MATCH(D8,'Row Data'!$1:$1,0)),'Row Data'!$A:$A,"Rural+Urban",'Row Data'!$B:$B,2023,'Row Data'!$C:$C,"April") -> 185 | C8: =IFERROR(B8/SUM($B$2:$B$12),0) -> 0.10271501 | D8: Health
A9: Transport & Communication | B9: =SUMIFS(INDEX('Row Data'!$A:$AD,0,MATCH(D9,'Row Data'!$1:$1,0)),'Row Data'!$A:$A,"Rural+Urban",'Row Data'!$B:$B,2023,'Row Data'!$C:$C,"April") -> 164.5 | C9: =IFERROR(B9/SUM($B$2:$B$12),0) -> 0.091333074 | D9: Transport and communication
A10: Recreation & Amusement | B10: =SUMIFS(INDEX('Row Data'!$A:$AD,0,MATCH(D10,'Row Data'!$1:$1,0)),'Row Data'!$A:$A,"Rural+Urban",'Row Data'!$B:$B,2023,'Row Data'!$C:$C,"April") -> 170.7 | C10: =IFERROR(B10/SUM($B$2:$B$12),0) -> 0.094775415 | D10: Recreation and amusement
A11: Education | B11: =SUMIFS(INDEX('Row Data'!$A:$AD,0,MATCH(D11,'Row Data'!$1:$1,0)),'Row Data'!$A:$A,"Rural+Urban",'Row Data'!$B:$B,2023,'Row Data'!$C:$C,"April") -> 176.4 | C11: =IFERROR(B11/SUM($B$2:$B$12),0) -> 0.097940148 | D11: Education
A12: Personal Care & Effects | B12: =SUMIFS(INDEX('Row Data'!$A:$AD,0,MATCH(D12,'Row Data'!$1:$1,0)),'Row Data'!$A:$A,"Rural+Urban",'Row Data'!$B:$B,2023,'Row Data'!$C:$C,"April") -> 184 | C12: =IFERROR(B12/SUM($B$2:$B$12),0) -> 0.10215979 | D12: Personal care and effects
A14: Total | C14: =SUM(C2:C12) -> 1
A15: Highest Contribution | B15: =INDEX(A2:A12,MATCH(MAX(C2:C12),C2:C12,0)) -> Pan, Tobacco & Intoxicants | C15: =MAX(C2:C12) -> 0.11137638

Sheet Q2_YoY Trend
A1: Year | B1: General Index | C1: YoY Inflation %
A2: 2017 | B2: =AVERAGEIFS('Data Preparation'!$E:$E,'Data Preparation'!$A:$A,"Rural+Urban",'Data Preparation'!$B:$B,A2) -> 133.5 | C2: =IFERROR(B2/AVERAGEIFS('Data Preparation'!$E:$E,'Data Preparation'!$A:$A,"Rural+Urban",'Data Preparation'!$B:$B,A2-1)-1,"") -> 0.033281734
A3: 2018 | B3: =AVERAGEIFS('Data Preparation'!$E:$E,'Data Preparation'!$A:$A,"Rural+Urban",'Data Preparation'!$B:$B,A3) -> 138.775 | C3: =IFERROR(B3/AVERAGEIFS('Data Preparation'!$E:$E,'Data Preparation'!$A:$A,"Rural+Urban",'Data Preparation'!$B:$B,A3-1)-1,"") -> 0.039513109
A4: 2019 | B4: =AVERAGEIFS('Data Preparation'!$E:$E,'Data Preparation'!$A:$A,"Rural+Urban",'Data Preparation'!$B:$B,A4) -> 144.18182 | C4: =IFERROR(B4/AVERAGEIFS('Data Preparation'!$E:$E,'Data Preparation'!$A:$A,"Rural+Urban",'Data Preparation'!$B:$B,A4-1)-1,"") -> 0.038961039
A5: 2020 | B5: =AVERAGEIFS('Data Preparation'!$E:$E,'Data Preparation'!$A:$A,"Rural+Urban",'Data Preparation'!$B:$B,A5) -> 127.81667 | C5: =IFERROR(B5/AVERAGEIFS('Data Preparation'!$E:$E,'Data Preparation'!$A:$A,"Rural+Urban",'Data Preparation'!$B:$B,A5-1)-1,"") -> -0.11350357
A6: 2021 | B6: =AVERAGEIFS('Data Preparation'!$E:$E,'Data Preparation'!$A:$A,"Rural+Urban",'Data Preparation'!$B:$B,A6) -> 161.45833 | C6: =IFERROR(B6/AVERAGEIFS('Data Preparation'!$E:$E,'Data Preparation'!$A:$A,"Rural+Urban",'Data Preparation'!$B:$B,A6-1)-1,"") -> 0.2632025
A7: 2022 | B7: =AVERAGEIFS('Data Preparation'!$E:$E,'Data Preparation'!$A:$A,"Rural+Urban",'Data Preparation'!$B:$B,A7) -> 172.15 | C7: =IFERROR(B7/AVERAGEIFS('Data Preparation'!$E:$E,'Data Preparation'!$A:$A,"Rural+Urban",'Data Preparation'!$B:$B,A7-1)-1,"") -> 0.066219355
A8: 2023 | B8: =AVERAGEIFS('Data Preparation'!$E:$E,'Data Preparation'!$A:$A,"Rural+Urban",'Data Preparation'!$B:$B,A8) -> 177.62 | C8: =IFERROR(B8/AVERAGEIFS('Data Preparation'!$E:$E,'Data Preparation'!$A:$A,"Rural+Urban",'Data Preparation'!$B:$B,A8-1)-1,"") -> 0.031774615
A10: Highest Inflation Year | B10: =INDEX(A2:A8,MATCH(MAX(C2:C8),C2:C8,0)) -> 2021 | C10: =MAX(C2:C8) -> 0.2632025
A11: Research Note | B11: Add researched explanation for the highest-inflation year here.

Sheet Q3_Food Inflation
A1: Month | B1: Food Index | C1: Food MoM % | D1: Absolute Change | F1: Highest Food Inflation | G1: Highest Month
A2: 44682 | B2: =AVERAGEIFS('Data Preparation'!$H:$H,'Data Preparation'!$A:$A,"Rural+Urban",'Data Preparation'!$D:$D,A2) -> 173.3 | C2: =IFERROR(B2/AVERAGEIFS('Data Preparation'!$H:$H,'Data Preparation'!$A:$A,"Rural+Urban",'Data Preparation'!$D:$D,EDATE(A2,-1))-1,"") -> 0.014637002 | D2: =B2-$B$2 -> 0 | F2: =MAX(C2:C13) -> 0.014637002 | G2: =INDEX(A2:A13,MATCH(MAX(C2:C13),C2:C13,0)) -> 44682
A3: 44713 | B3: =AVERAGEIFS('Data Preparation'!$H:$H,'Data Preparation'!$A:$A,"Rural+Urban",'Data Preparation'!$D:$D,A3) -> 174.9 | C3: =IFERROR(B3/AVERAGEIFS('Data Preparation'!$H:$H,'Data Preparation'!$A:$A,"Rural+Urban",'Data Preparation'!$D:$D,EDATE(A3,-1))-1,"") -> 0.0092325447 | D3: =B3-$B$2 -> 1.6
A4: 44743 | B4: =AVERAGEIFS('Data Preparation'!$H:$H,'Data Preparation'!$A:$A,"Rural+Urban",'Data Preparation'!$D:$D,A4) -> 175 | C4: =IFERROR(B4/AVERAGEIFS('Data Preparation'!$H:$H,'Data Preparation'!$A:$A,"Rural+Urban",'Data Preparation'!$D:$D,EDATE(A4,-1))-1,"") -> 0.00057175529 | D4: =B4-$B$2 -> 1.7 | F4: Lowest Food Inflation | G4: Lowest Month
A5: 44774 | B5: =AVERAGEIFS('Data Preparation'!$H:$H,'Data Preparation'!$A:$A,"Rural+Urban",'Data Preparation'!$D:$D,A5) -> 176.3 | C5: =IFERROR(B5/AVERAGEIFS('Data Preparation'!$H:$H,'Data Preparation'!$A:$A,"Rural+Urban",'Data Preparation'!$D:$D,EDATE(A5,-1))-1,"") -> 0.0074285714 | D5: =B5-$B$2 -> 3 | F5: =MIN(C2:C13) -> -0.01346046 | G5: =INDEX(A2:A13,MATCH(MIN(C2:C13),C2:C13,0)) -> 44896
A6: 44805 | B6: =AVERAGEIFS('Data Preparation'!$H:$H,'Data Preparation'!$A:$A,"Rural+Urban",'Data Preparation'!$D:$D,A6) -> 177.8 | C6: =IFERROR(B6/AVERAGEIFS('Data Preparation'!$H:$H,'Data Preparation'!$A:$A,"Rural+Urban",'Data Preparation'!$D:$D,EDATE(A6,-1))-1,"") -> 0.0085082246 | D6: =B6-$B$2 -> 4.5
A7: 44835 | B7: =AVERAGEIFS('Data Preparation'!$H:$H,'Data Preparation'!$A:$A,"Rural+Urban",'Data Preparation'!$D:$D,A7) -> 179.6 | C7: =IFERROR(B7/AVERAGEIFS('Data Preparation'!$H:$H,'Data Preparation'!$A:$A,"Rural+Urban",'Data Preparation'!$D:$D,EDATE(A7,-1))-1,"") -> 0.010123735 | D7: =B7-$B$2 -> 6.3
A8: 44866 | B8: =AVERAGEIFS('Data Preparation'!$H:$H,'Data Preparation'!$A:$A,"Rural+Urban",'Data Preparation'!$D:$D,A8) -> 178.3 | C8: =IFERROR(B8/AVERAGEIFS('Data Preparation'!$H:$H,'Data Preparation'!$A:$A,"Rural+Urban",'Data Preparation'!$D:$D,EDATE(A8,-1))-1,"") -> -0.0072383073 | D8: =B8-$B$2 -> 5
A9: 44896 | B9: =AVERAGEIFS('Data Preparation'!$H:$H,'Data Preparation'!$A:$A,"Rural+Urban",'Data Preparation'!$D:$D,A9) -> 175.9 | C9: =IFERROR(B9/AVERAGEIFS('Data Preparation'!$H:$H,'Data Preparation'!$A:$A,"Rural+Urban",'Data Preparation'!$D:$D,EDATE(A9,-1))-1,"") -> -0.01346046 | D9: =B9-$B$2 -> 2.6
A10: 44927 | B10: =AVERAGEIFS('Data Preparation'!$H:$H,'Data Preparation'!$A:$A,"Rural+Urban",'Data Preparation'!$D:$D,A10) -> 176.7 | C10: =IFERROR(B10/AVERAGEIFS('Data Preparation'!$H:$H,'Data Preparation'!$A:$A,"Rural+Urban",'Data Preparation'!$D:$D,EDATE(A10,-1))-1,"") -> 0.0045480387 | D10: =B10-$B$2 -> 3.4
A11: 44958 | B11: =AVERAGEIFS('Data Preparation'!$H:$H,'Data Preparation'!$A:$A,"Rural+Urban",'Data Preparation'!$D:$D,A11) -> 177 | C11: =IFERROR(B11/AVERAGEIFS('Data Preparation'!$H:$H,'Data Preparation'!$A:$A,"Rural+Urban",'Data Preparation'!$D:$D,EDATE(A11,-1))-1,"") -> 0.0016977929 | D11: =B11-$B$2 -> 3.7
A12: 44986 | B12: =AVERAGEIFS('Data Preparation'!$H:$H,'Data Preparation'!$A:$A,"Rural+Urban",'Data Preparation'!$D:$D,A12) -> 177 | C12: =IFERROR(B12/AVERAGEIFS('Data Preparation'!$H:$H,'Data Preparation'!$A:$A,"Rural+Urban",'Data Preparation'!$D:$D,EDATE(A12,-1))-1,"") -> 0 | D12: =B12-$B$2 -> 3.7
A13: 45017 | B13: =AVERAGEIFS('Data Preparation'!$H:$H,'Data Preparation'!$A:$A,"Rural+Urban",'Data Preparation'!$D:$D,A13) -> 177.9 | C13: =IFERROR(B13/AVERAGEIFS('Data Preparation'!$H:$H,'Data Preparation'!$A:$A,"Rural+Urban",'Data Preparation'!$D:$D,EDATE(A13,-1))-1,"") -> 0.0050847458 | D13: =B13-$B$2 -> 4.6

Sheet Q4_COVID Impact
A1: Month | B1: General YoY Inflation % | C1: Food Inflation % | D1: COVID Period
A2: 43739 | B2: =IFERROR(AVERAGEIFS('Data Preparation'!$F:$F,'Data Preparation'!$A:$A,"Rural+Urban",'Data Preparation'!$D:$D,A2),"") -> 0.045454545 | C2: =IFERROR(AVERAGEIFS('Data Preparation'!$I:$I,'Data Preparation'!$A:$A,"Rural+Urban",'Data Preparation'!$D:$D,A2),"") -> 0.017687075 | D2: =IF(A2<DATE(2020,3,1),"Pre-COVID",IF(A2=DATE(2020,3,1),"COVID Onset / Mar-20","COVID Period")) -> Pre-COVID
A3: 43770 | B3: =IFERROR(AVERAGEIFS('Data Preparation'!$F:$F,'Data Preparation'!$A:$A,"Rural+Urban",'Data Preparation'!$D:$D,A3),"") -> 0.055397727 | C3: =IFERROR(AVERAGEIFS('Data Preparation'!$I:$I,'Data Preparation'!$A:$A,"Rural+Urban",'Data Preparation'!$D:$D,A3),"") -> 0.015374332 | D3: =IF(A3<DATE(2020,3,1),"Pre-COVID",IF(A3=DATE(2020,3,1),"COVID Onset / Mar-20","COVID Period")) -> Pre-COVID
A4: 43800 | B4: =IFERROR(AVERAGEIFS('Data Preparation'!$F:$F,'Data Preparation'!$A:$A,"Rural+Urban",'Data Preparation'!$D:$D,A4),"") -> 0.073518915 | C4: =IFERROR(AVERAGEIFS('Data Preparation'!$I:$I,'Data Preparation'!$A:$A,"Rural+Urban",'Data Preparation'!$D:$D,A4),"") -> 0.020408163 | D4: =IF(A4<DATE(2020,3,1),"Pre-COVID",IF(A4=DATE(2020,3,1),"COVID Onset / Mar-20","COVID Period")) -> Pre-COVID
A5: 43831 | B5: =IFERROR(AVERAGEIFS('Data Preparation'!$F:$F,'Data Preparation'!$A:$A,"Rural+Urban",'Data Preparation'!$D:$D,A5),"") -> 0.075931232 | C5: =IFERROR(AVERAGEIFS('Data Preparation'!$I:$I,'Data Preparation'!$A:$A,"Rural+Urban",'Data Preparation'!$D:$D,A5),"") -> -0.0096774194 | D5: =IF(A5<DATE(2020,3,1),"Pre-COVID",IF(A5=DATE(2020,3,1),"COVID Onset / Mar-20","COVID Period")) -> Pre-COVID
A6: 43862 | B6: =IFERROR(AVERAGEIFS('Data Preparation'!$F:$F,'Data Preparation'!$A:$A,"Rural+Urban",'Data Preparation'!$D:$D,A6),"") -> 0.065761258 | C6: =IFERROR(AVERAGEIFS('Data Preparation'!$I:$I,'Data Preparation'!$A:$A,"Rural+Urban",'Data Preparation'!$D:$D,A6),"") -> -0.019543974 | D6: =IF(A6<DATE(2020,3,1),"Pre-COVID",IF(A6=DATE(2020,3,1),"COVID Onset / Mar-20","COVID Period")) -> Pre-COVID
A7: 43891 | B7: =IFERROR(AVERAGEIFS('Data Preparation'!$F:$F,'Data Preparation'!$A:$A,"Rural+Urban",'Data Preparation'!$D:$D,A7),"") -> 0.058404558 | C7: =IFERROR(AVERAGEIFS('Data Preparation'!$I:$I,'Data Preparation'!$A:$A,"Rural+Urban",'Data Preparation'!$D:$D,A7),"") -> -0.010631229 | D7: =IF(A7<DATE(2020,3,1),"Pre-COVID",IF(A7=DATE(2020,3,1),"COVID Onset / Mar-20","COVID Period")) -> COVID Onset / Mar-20
A8: 43922 | B8: =IFERROR(AVERAGEIFS('Data Preparation'!$F:$F,'Data Preparation'!$A:$A,"Rural+Urban",'Data Preparation'!$D:$D,A8),"") | C8: =IFERROR(AVERAGEIFS('Data Preparation'!$I:$I,'Data Preparation'!$A:$A,"Rural+Urban",'Data Preparation'!$D:$D,A8),"") -> 0.016789792 | D8: =IF(A8<DATE(2020,3,1),"Pre-COVID",IF(A8=DATE(2020,3,1),"COVID Onset / Mar-20","COVID Period")) -> COVID Period
A9: 43952 | D9: =IF(A9<DATE(2020,3,1),"Pre-COVID",IF(A9=DATE(2020,3,1),"COVID Onset / Mar-20","COVID Period")) -> COVID Period
A10: 43983 | B10: =IFERROR(AVERAGEIFS('Data Preparation'!$F:$F,'Data Preparation'!$A:$A,"Rural+Urban",'Data Preparation'!$D:$D,A10),"") -> 0.062281316 | C10: =IFERROR(AVERAGEIFS('Data Preparation'!$I:$I,'Data Preparation'!$A:$A,"Rural+Urban",'Data Preparation'!$D:$D,A10),"") | D10: =IF(A10<DATE(2020,3,1),"Pre-COVID",IF(A10=DATE(2020,3,1),"COVID Onset / Mar-20","COVID Period")) -> COVID Period
A11: 44013 | B11: =IFERROR(AVERAGEIFS('Data Preparation'!$F:$F,'Data Preparation'!$A:$A,"Rural+Urban",'Data Preparation'!$D:$D,A11),"") -> 0.052704577 | C11: =IFERROR(AVERAGEIFS('Data Preparation'!$I:$I,'Data Preparation'!$A:$A,"Rural+Urban",'Data Preparation'!$D:$D,A11),"") -> 0 | D11: =IF(A11<DATE(2020,3,1),"Pre-COVID",IF(A11=DATE(2020,3,1),"COVID Onset / Mar-20","COVID Period")) -> COVID Period
A12: 44044 | B12: =IFERROR(AVERAGEIFS('Data Preparation'!$F:$F,'Data Preparation'!$A:$A,"Rural+Urban",'Data Preparation'!$D:$D,A12),"") -> 0.06137931 | C12: =IFERROR(AVERAGEIFS('Data Preparation'!$I:$I,'Data Preparation'!$A:$A,"Rural+Urban",'Data Preparation'!$D:$D,A12),"") -> 0.019480519 | D12: =IF(A12<DATE(2020,3,1),"Pre-COVID",IF(A12=DATE(2020,3,1),"COVID Onset / Mar-20","COVID Period")) -> COVID Period
A13: 44075 | B13: =IFERROR(AVERAGEIFS('Data Preparation'!$F:$F,'Data Preparation'!$A:$A,"Rural+Urban",'Data Preparation'!$D:$D,A13),"") -> 0.061042524 | C13: =IFERROR(AVERAGEIFS('Data Preparation'!$I:$I,'Data Preparation'!$A:$A,"Rural+Urban",'Data Preparation'!$D:$D,A13),"") -> 0.0063694268 | D13: =IF(A13<DATE(2020,3,1),"Pre-COVID",IF(A13=DATE(2020,3,1),"COVID Onset / Mar-20","COVID Period")) -> COVID Period

Sheet Q5_Oil Impact
A1: Month | B1: Imported Oil Price | C1: Oil MoM % | D1: Overall Inflation % | F1: Category | G1: Correlation | H1: Food & Beverages | I1: Pan, Tobacco & Intoxicants | J1: Clothing & Footwear | K1: Housing | L1: Fuel & Light | M1: Household Goods & Services | N1: Health | O1: Transport & Communication | P1: Recreation & Amusement | Q1: Education | R1: Personal Care & Effects | T1: Food MoM | U1: Pan MoM | V1: Clothing MoM | W1: Housing MoM | X1: Fuel MoM | Y1: Household MoM | Z1: Health MoM | AA1: Transport MoM | AB1: Recreation MoM | AC1: Education MoM | AD1: Personal Care MoM
A2: 44197 | B2: 3918.56 | D2: =IFERROR(AVERAGEIFS('Data Preparation'!$F:$F,'Data Preparation'!$A:$A,"Rural+Urban",'Data Preparation'!$B:$B,YEAR(A2),'Data Preparation'!$C:$C,TEXT(A2,"mmmm")),"") -> 0.047270306 | F2: Food & Beverages | G2: =CORREL($C$3:$C$30,$T$3:$T$30) -> 0.22234526 | H2: {=INDEX('Row Data'!$P:$P,290+(ROW()-2)*3)} -> 154.7 | I2: {=INDEX('Row Data'!$Q:$Q,290+(ROW()-2)*3)} -> 186.5 | J2: {=INDEX('Row Data'!$T:$T,290+(ROW()-2)*3)} -> 158.4 | K2: {=INDEX('Row Data'!$U:$U,290+(ROW()-2)*3)} -> 0 | L2: {=INDEX('Row Data'!$V:$V,290+(ROW()-2)*3)} -> 154.4 | M2: {=INDEX('Row Data'!$W:$W,290+(ROW()-2)*3)} -> 154.8 | N2: {=INDEX('Row Data'!$X:$X,290+(ROW()-2)*3)} -> 164.3 | O2: {=INDEX('Row Data'!$Y:$Y,290+(ROW()-2)*3)} -> 150.2 | P2: {=INDEX('Row Data'!$Z:$Z,290+(ROW()-2)*3)} -> 157 | Q2: {=INDEX('Row Data'!$AA:$AA,290+(ROW()-2)*3)} -> 163.6 | R2: {=INDEX('Row Data'!$AB:$AB,290+(ROW()-2)*3)} -> 155.2
A3: 44228 | B3: 4399.41 | C3: =B3/B2-1 -> 0.12271089 | D3: =IFERROR(AVERAGEIFS('Data Preparation'!$F:$F,'Data Preparation'!$A:$A,"Rural+Urban",'Data Preparation'!$B:$B,YEAR(A3),'Data Preparation'!$C:$C,TEXT(A3,"mmmm")),"") -> 0.050301811 | F3: Pan, Tobacco & Intoxicants | G3: =CORREL($C$3:$C$30,$U$3:$U$30) -> -0.046461169 | H3: {=INDEX('Row Data'!$P:$P,290+(ROW()-2)*3)} -> 154.5 | I3: {=INDEX('Row Data'!$Q:$Q,290+(ROW()-2)*3)} -> 186.1 | J3: {=INDEX('Row Data'!$T:$T,290+(ROW()-2)*3)} -> 158.9 | K3: {=INDEX('Row Data'!$U:$U,290+(ROW()-2)*3)} -> - | L3: {=INDEX('Row Data'!$V:$V,290+(ROW()-2)*3)} -> 156 | M3: {=INDEX('Row Data'!$W:$W,290+(ROW()-2)*3)} -> 154.8 | N3: {=INDEX('Row Data'!$X:$X,290+(ROW()-2)*3)} -> 164.6 | O3: {=INDEX('Row Data'!$Y:$Y,290+(ROW()-2)*3)} -> 151.3 | P3: {=INDEX('Row Data'!$Z:$Z,290+(ROW()-2)*3)} -> 157.8 | Q3: {=INDEX('Row Data'!$AA:$AA,290+(ROW()-2)*3)} -> 163.8 | R3: {=INDEX('Row Data'!$AB:$AB,290+(ROW()-2)*3)} -> 153.1 | T3: =IFERROR(H3/H2-1,"") -> -0.0012928248 | U3: =IFERROR(I3/I2-1,"") -> -0.0021447721 | V3: =IFERROR(J3/J2-1,"") -> 0.0031565657 | W3: =IFERROR(K3/K2-1,"") | X3: =IFERROR(L3/L2-1,"") -> 0.010362694 | Y3: =IFERROR(M3/M2-1,"") -> 0 | Z3: =IFERROR(N3/N2-1,"") -> 0.0018259282 | AA3: =IFERROR(O3/O2-1,"") -> 0.0073235686 | ... AD3: =IFERROR(R3/R2-1,"") -> -0.013530928
A4: 44256 | B4: 4646.36 | C4: =B4/B3-1 -> 0.056132527 | D4: =IFERROR(AVERAGEIFS('Data Preparation'!$F:$F,'Data Preparation'!$A:$A,"Rural+Urban",'Data Preparation'!$B:$B,YEAR(A4),'Data Preparation'!$C:$C,TEXT(A4,"mmmm")),"") -> 0.055181696 | F4: Clothing & Footwear | G4: =CORREL($C$3:$C$30,$V$3:$V$30) -> 0.010204545 | H4: {=INDEX('Row Data'!$P:$P,290+(ROW()-2)*3)} -> 155.6 | I4: {=INDEX('Row Data'!$Q:$Q,290+(ROW()-2)*3)} -> 186.8 | J4: {=INDEX('Row Data'!$T:$T,290+(ROW()-2)*3)} -> 159.9 | K4: {=INDEX('Row Data'!$U:$U,290+(ROW()-2)*3)} -> - | L4: {=INDEX('Row Data'!$V:$V,290+(ROW()-2)*3)} -> 156 | M4: {=INDEX('Row Data'!$W:$W,290+(ROW()-2)*3)} -> 155.5 | N4: {=INDEX('Row Data'!$X:$X,290+(ROW()-2)*3)} -> 165.3 | O4: {=INDEX('Row Data'!$Y:$Y,290+(ROW()-2)*3)} -> 151.7 | P4: {=INDEX('Row Data'!$Z:$Z,290+(ROW()-2)*3)} -> 158.6 | Q4: {=INDEX('Row Data'!$AA:$AA,290+(ROW()-2)*3)} -> 164.1 | R4: {=INDEX('Row Data'!$AB:$AB,290+(ROW()-2)*3)} -> 154.6 | T4: =IFERROR(H4/H3-1,"") -> 0.0071197411 | U4: =IFERROR(I4/I3-1,"") -> 0.0037614186 | V4: =IFERROR(J4/J3-1,"") -> 0.0062932662 | W4: =IFERROR(K4/K3-1,"") | X4: =IFERROR(L4/L3-1,"") -> 0 | Y4: =IFERROR(M4/M3-1,"") -> 0.0045219638 | Z4: =IFERROR(N4/N3-1,"") -> 0.0042527339 | AA4: =IFERROR(O4/O3-1,"") -> 0.0026437541 | ... AD4: =IFERROR(R4/R3-1,"") -> 0.009797518
A5: 44287 | B5: 4684.64 | C5: =B5/B4-1 -> 0.0082387073 | D5: =IFERROR(AVERAGEIFS('Data Preparation'!$F:$F,'Data Preparation'!$A:$A,"Rural+Urban",'Data Preparation'!$B:$B,YEAR(A5),'Data Preparation'!$C:$C,TEXT(A5,"mmmm")),"") | F5: Housing | G5: NA | H5: {=INDEX('Row Data'!$P:$P,290+(ROW()-2)*3)} -> 158.7 | I5: {=INDEX('Row Data'!$Q:$Q,290+(ROW()-2)*3)} -> 189.6 | J5: {=INDEX('Row Data'!$T:$T,290+(ROW()-2)*3)} -> 164.5 | K5: {=INDEX('Row Data'!$U:$U,290+(ROW()-2)*3)} -> 0 | L5: {=INDEX('Row Data'!$V:$V,290+(ROW()-2)*3)} -> 161.7 | M5: {=INDEX('Row Data'!$W:$W,290+(ROW()-2)*3)} -> 158.8 | N5: {=INDEX('Row Data'!$X:$X,290+(ROW()-2)*3)} -> 169.1 | O5: {=INDEX('Row Data'!$Y:$Y,290+(ROW()-2)*3)} -> 153.2 | P5: {=INDEX('Row Data'!$Z:$Z,290+(ROW()-2)*3)} -> 160 | Q5: {=INDEX('Row Data'!$AA:$AA,290+(ROW()-2)*3)} -> 167.6 | R5: {=INDEX('Row Data'!$AB:$AB,290+(ROW()-2)*3)} -> 159.3 | T5: =IFERROR(H5/H4-1,"") -> 0.019922879 | U5: =IFERROR(I5/I4-1,"") -> 0.014989293 | V5: =IFERROR(J5/J4-1,"") -> 0.02876798 | W5: =IFERROR(K5/K4-1,"") | X5: =IFERROR(L5/L4-1,"") -> 0.036538462 | Y5: =IFERROR(M5/M4-1,"") -> 0.021221865 | Z5: =IFERROR(N5/N4-1,"") -> 0.022988506 | AA5: =IFERROR(O5/O4-1,"") -> 0.0098879367 | ... AD5: =IFERROR(R5/R4-1,"") -> 0.030401035
A6: 44317 | B6: 4870.98 | C6: =B6/B5-1 -> 0.039776802 | D6: =IFERROR(AVERAGEIFS('Data Preparation'!$F:$F,'Data Preparation'!$A:$A,"Rural+Urban",'Data Preparation'!$B:$B,YEAR(A6),'Data Preparation'!$C:$C,TEXT(A6,"mmmm")),"") | F6: Fuel & Light | G6: =CORREL($C$3:$C$30,$X$3:$X$30) -> 0.32759823 | H6: {=INDEX('Row Data'!$P:$P,290+(ROW()-2)*3)} -> 160.5 | I6: {=INDEX('Row Data'!$Q:$Q,290+(ROW()-2)*3)} -> 189.1 | J6: {=INDEX('Row Data'!$T:$T,290+(ROW()-2)*3)} -> 164.6 | K6: {=INDEX('Row Data'!$U:$U,290+(ROW()-2)*3)} -> 0 | L6: {=INDEX('Row Data'!$V:$V,290+(ROW()-2)*3)} -> 162.1 | M6: {=INDEX('Row Data'!$W:$W,290+(ROW()-2)*3)} -> 159.2 | N6: {=INDEX('Row Data'!$X:$X,290+(ROW()-2)*3)} -> 169.7 | O6: {=INDEX('Row Data'!$Y:$Y,290+(ROW()-2)*3)} -> 154.2 | P6: {=INDEX('Row Data'!$Z:$Z,290+(ROW()-2)*3)} -> 160.4 | Q6: {=INDEX('Row Data'!$AA:$AA,290+(ROW()-2)*3)} -> 166.8 | R6: {=INDEX('Row Data'!$AB:$AB,290+(ROW()-2)*3)} -> 159.4 | T6: =IFERROR(H6/H5-1,"") -> 0.011342155 | U6: =IFERROR(I6/I5-1,"") -> -0.0026371308 | V6: =IFERROR(J6/J5-1,"") -> 0.00060790274 | W6: =IFERROR(K6/K5-1,"") | X6: =IFERROR(L6/L5-1,"") -> 0.0024737168 | Y6: =IFERROR(M6/M5-1,"") -> 0.0025188917 | Z6: =IFERROR(N6/N5-1,"") -> 0.0035481963 | AA6: =IFERROR(O6/O5-1,"") -> 0.0065274151 | ... AD6: =IFERROR(R6/R5-1,"") -> 0.00062774639
A7: 44348 | B7: 5281.48 | C7: =B7/B6-1 -> 0.084274622 | D7: =IFERROR(AVERAGEIFS('Data Preparation'!$F:$F,'Data Preparation'!$A:$A,"Rural+Urban",'Data Preparation'!$B:$B,YEAR(A7),'Data Preparation'!$C:$C,TEXT(A7,"mmmm")),"") -> 0.062582345 | F7: Household Goods & Services | G7: =CORREL($C$3:$C$30,$Y$3:$Y$30) -> -0.029660894 | H7: {=INDEX('Row Data'!$P:$P,290+(ROW()-2)*3)} -> 161.7 | I7: {=INDEX('Row Data'!$Q:$Q,290+(ROW()-2)*3)} -> 189.7 | J7: {=INDEX('Row Data'!$T:$T,290+(ROW()-2)*3)} -> 165.3 | K7: {=INDEX('Row Data'!$U:$U,290+(ROW()-2)*3)} -> 0 | L7: {=INDEX('Row Data'!$V:$V,290+(ROW()-2)*3)} -> 162.5 | M7: {=INDEX('Row Data'!$W:$W,290+(ROW()-2)*3)} -> 160.3 | N7: {=INDEX('Row Data'!$X:$X,290+(ROW()-2)*3)} -> 170.4 | O7: {=INDEX('Row Data'!$Y:$Y,290+(ROW()-2)*3)} -> 157.1 | P7: {=INDEX('Row Data'!$Z:$Z,290+(ROW()-2)*3)} -> 160.7 | Q7: {=INDEX('Row Data'!$AA:$AA,290+(ROW()-2)*3)} -> 167.2 | R7: {=INDEX('Row Data'!$AB:$AB,290+(ROW()-2)*3)} -> 160.4 | T7: =IFERROR(H7/H6-1,"") -> 0.0074766355 | U7: =IFERROR(I7/I6-1,"") -> 0.0031729244 | V7: =IFERROR(J7/J6-1,"") -> 0.0042527339 | W7: =IFERROR(K7/K6-1,"") | X7: =IFERROR(L7/L6-1,"") -> 0.0024676126 | Y7: =IFERROR(M7/M6-1,"") -> 0.0069095477 | Z7: =IFERROR(N7/N6-1,"") -> 0.0041249263 | AA7: =IFERROR(O7/O6-1,"") -> 0.018806744 | ... AD7: =IFERROR(R7/R6-1,"") -> 0.0062735257
A8: 44378 | B8: 5460.9 | C8: =B8/B7-1 -> 0.033971538 | D8: =IFERROR(AVERAGEIFS('Data Preparation'!$F:$F,'Data Preparation'!$A:$A,"Rural+Urban",'Data Preparation'!$B:$B,YEAR(A8),'Data Preparation'!$C:$C,TEXT(A8,"mmmm")),"") -> 0.070487484 | F8: Health | G8: =CORREL($C$3:$C$30,$Z$3:$Z$30) -> -0.076397654 | H8: {=INDEX('Row Data'!$P:$P,290+(ROW()-2)*3)} -> 161.8 | I8: {=INDEX('Row Data'!$Q:$Q,290+(ROW()-2)*3)} -> 190.2 | J8: {=INDEX('Row Data'!$T:$T,290+(ROW()-2)*3)} -> 166.3 | K8: {=INDEX('Row Data'!$U:$U,290+(ROW()-2)*3)} -> 0 | L8: {=INDEX('Row Data'!$V:$V,290+(ROW()-2)*3)} -> 163.1 | M8: {=INDEX('Row Data'!$W:$W,290+(ROW()-2)*3)} -> 160.9 | N8: {=INDEX('Row Data'!$X:$X,290+(ROW()-2)*3)} -> 171.1 | O8: {=INDEX('Row Data'!$Y:$Y,290+(ROW()-2)*3)} -> 157.7 | P8: {=INDEX('Row Data'!$Z:$Z,290+(ROW()-2)*3)} -> 161.1 | Q8: {=INDEX('Row Data'!$AA:$AA,290+(ROW()-2)*3)} -> 167.5 | R8: {=INDEX('Row Data'!$AB:$AB,290+(ROW()-2)*3)} -> 160.3 | T8: =IFERROR(H8/H7-1,"") -> 0.00061842919 | U8: =IFERROR(I8/I7-1,"") -> 0.0026357406 | V8: =IFERROR(J8/J7-1,"") -> 0.0060496068 | W8: =IFERROR(K8/K7-1,"") | X8: =IFERROR(L8/L7-1,"") -> 0.0036923077 | Y8: =IFERROR(M8/M7-1,"") -> 0.0037429819 | Z8: =IFERROR(N8/N7-1,"") -> 0.0041079812 | AA8: =IFERROR(O8/O7-1,"") -> 0.0038192234 | ... AD8: =IFERROR(R8/R7-1,"") -> -0.0006234414
A9: 44409 | B9: 5108.73 | C9: =B9/B8-1 -> -0.06448937 | D9: =IFERROR(AVERAGEIFS('Data Preparation'!$F:$F,'Data Preparation'!$A:$A,"Rural+Urban",'Data Preparation'!$B:$B,YEAR(A9),'Data Preparation'!$C:$C,TEXT(A9,"mmmm")),"") -> 0.06042885 | F9: Transport & Communication | G9: =CORREL($C$3:$C$30,$AA$3:$AA$30) -> 0.32024081 | H9: {=INDEX('Row Data'!$P:$P,290+(ROW()-2)*3)} -> 162.1 | I9: {=INDEX('Row Data'!$Q:$Q,290+(ROW()-2)*3)} -> 190.5 | J9: {=INDEX('Row Data'!$T:$T,290+(ROW()-2)*3)} -> 167.1 | K9: {=INDEX('Row Data'!$U:$U,290+(ROW()-2)*3)} -> 0 | L9: {=INDEX('Row Data'!$V:$V,290+(ROW()-2)*3)} -> 163.7 | M9: {=INDEX('Row Data'!$W:$W,290+(ROW()-2)*3)} -> 161.3 | N9: {=INDEX('Row Data'!$X:$X,290+(ROW()-2)*3)} -> 171.9 | O9: {=INDEX('Row Data'!$Y:$Y,290+(ROW()-2)*3)} -> 157.8 | P9: {=INDEX('Row Data'!$Z:$Z,290+(ROW()-2)*3)} -> 162.7 | Q9: {=INDEX('Row Data'!$AA:$AA,290+(ROW()-2)*3)} -> 168.5 | R9: {=INDEX('Row Data'!$AB:$AB,290+(ROW()-2)*3)} -> 160.2 | T9: =IFERROR(H9/H8-1,"") -> 0.0018541409 | U9: =IFERROR(I9/I8-1,"") -> 0.0015772871 | V9: =IFERROR(J9/J8-1,"") -> 0.0048105833 | W9: =IFERROR(K9/K8-1,"") | X9: =IFERROR(L9/L8-1,"") -> 0.0036787247 | Y9: =IFERROR(M9/M8-1,"") -> 0.0024860162 | Z9: =IFERROR(N9/N8-1,"") -> 0.0046756283 | AA9: =IFERROR(O9/O8-1,"") -> 0.00063411541 | ... AD9: =IFERROR(R9/R8-1,"") -> -0.00062383032
A10: 44440 | B10: 5359.17 | C10: =B10/B9-1 -> 0.049021968 | D10: =IFERROR(AVERAGEIFS('Data Preparation'!$F:$F,'Data Preparation'!$A:$A,"Rural+Urban",'Data Preparation'!$B:$B,YEAR(A10),'Data Preparation'!$C:$C,TEXT(A10,"mmmm")),"") -> 0.054945055 | F10: Recreation & Amusement | G10: =CORREL($C$3:$C$30,$AB$3:$AB$30) -> -0.015757863 | H10: {=INDEX('Row Data'!$P:$P,290+(ROW()-2)*3)} -> 165.5 | I10: {=INDEX('Row Data'!$Q:$Q,290+(ROW()-2)*3)} -> 191.2 | J10: {=INDEX('Row Data'!$T:$T,290+(ROW()-2)*3)} -> 168.3 | K10: {=INDEX('Row Data'!$U:$U,290+(ROW()-2)*3)} -> 0 | L10: {=INDEX('Row Data'!$V:$V,290+(ROW()-2)*3)} -> 165.5 | M10: {=INDEX('Row Data'!$W:$W,290+(ROW()-2)*3)} -> 162 | N10: {=INDEX('Row Data'!$X:$X,290+(ROW()-2)*3)} -> 172.5 | O10: {=INDEX('Row Data'!$Y:$Y,290+(ROW()-2)*3)} -> 159.5 | P10: {=INDEX('Row Data'!$Z:$Z,290+(ROW()-2)*3)} -> 163.2 | Q10: {=INDEX('Row Data'!$AA:$AA,290+(ROW()-2)*3)} -> 169 | R10: {=INDEX('Row Data'!$AB:$AB,290+(ROW()-2)*3)} -> 161.1 | T10: =IFERROR(H10/H9-1,"") -> 0.020974707 | U10: =IFERROR(I10/I9-1,"") -> 0.0036745407 | V10: =IFERROR(J10/J9-1,"") -> 0.0071813285 | W10: =IFERROR(K10/K9-1,"") | X10: =IFERROR(L10/L9-1,"") -> 0.010995724 | Y10: =IFERROR(M10/M9-1,"") -> 0.0043397396 | Z10: =IFERROR(N10/N9-1,"") -> 0.0034904014 | AA10: =IFERROR(O10/O9-1,"") -> 0.010773131 | ... AD10: =IFERROR(R10/R9-1,"") -> 0.0056179775
A11: 44470 | B11: 6146.58 | C11: =B11/B10-1 -> 0.1469276 | D11: =IFERROR(AVERAGEIFS('Data Preparation'!$F:$F,'Data Preparation'!$A:$A,"Rural+Urban",'Data Preparation'!$B:$B,YEAR(A11),'Data Preparation'!$C:$C,TEXT(A11,"mmmm")),"") -> 0.058184143 | F11: Education | G11: =CORREL($C$3:$C$30,$AC$3:$AC$30) -> -0.11071667 | H11: {=INDEX('Row Data'!$P:$P,290+(ROW()-2)*3)} -> 167.5 | I11: {=INDEX('Row Data'!$Q:$Q,290+(ROW()-2)*3)} -> 191.4 | J11: {=INDEX('Row Data'!$T:$T,290+(ROW()-2)*3)} -> 169.8 | K11: {=INDEX('Row Data'!$U:$U,290+(ROW()-2)*3)} -> 0 | L11: {=INDEX('Row Data'!$V:$V,290+(ROW()-2)*3)} -> 165.3 | M11: {=INDEX('Row Data'!$W:$W,290+(ROW()-2)*3)} -> 162.9 | N11: {=INDEX('Row Data'!$X:$X,290+(ROW()-2)*3)} -> 173.4 | O11: {=INDEX('Row Data'!$Y:$Y,290+(ROW()-2)*3)} -> 158.9 | P11: {=INDEX('Row Data'!$Z:$Z,290+(ROW()-2)*3)} -> 163.8 | Q11: {=INDEX('Row Data'!$AA:$AA,290+(ROW()-2)*3)} -> 169.3 | R11: {=INDEX('Row Data'!$AB:$AB,290+(ROW()-2)*3)} -> 162.4 | T11: =IFERROR(H11/H10-1,"") -> 0.012084592 | U11: =IFERROR(I11/I10-1,"") -> 0.0010460251 | V11: =IFERROR(J11/J10-1,"") -> 0.008912656 | W11: =IFERROR(K11/K10-1,"") | X11: =IFERROR(L11/L10-1,"") -> -0.0012084592 | Y11: =IFERROR(M11/M10-1,"") -> 0.0055555556 | Z11: =IFERROR(N11/N10-1,"") -> 0.0052173913 | AA11: =IFERROR(O11/O10-1,"") -> -0.0037617555 | ... AD11: =IFERROR(R11/R10-1,"") -> 0.008069522
A12: 44501 | B12: 5952.69 | C12: =B12/B11-1 -> -0.031544371 | D12: =IFERROR(AVERAGEIFS('Data Preparation'!$F:$F,'Data Preparation'!$A:$A,"Rural+Urban",'Data Preparation'!$B:$B,YEAR(A12),'Data Preparation'!$C:$C,TEXT(A12,"mmmm")),"") -> 0.05239899 | F12: Personal Care & Effects | G12: =CORREL($C$3:$C$30,$AD$3:$AD$30) -> 0.003585364 | H12: {=INDEX('Row Data'!$P:$P,290+(ROW()-2)*3)} -> 165.8 | I12: {=INDEX('Row Data'!$Q:$Q,290+(ROW()-2)*3)} -> 190.8 | J12: {=INDEX('Row Data'!$T:$T,290+(ROW()-2)*3)} -> 171.2 | K12: {=INDEX('Row Data'!$U:$U,290+(ROW()-2)*3)} -> 0 | L12: {=INDEX('Row Data'!$V:$V,290+(ROW()-2)*3)} -> 165.6 | M12: {=INDEX('Row Data'!$W:$W,290+(ROW()-2)*3)} -> 163.9 | N12: {=INDEX('Row Data'!$X:$X,290+(ROW()-2)*3)} -> 174 | O12: {=INDEX('Row Data'!$Y:$Y,290+(ROW()-2)*3)} -> 160.1 | P12: {=INDEX('Row Data'!$Z:$Z,290+(ROW()-2)*3)} -> 164.5 | Q12: {=INDEX('Row Data'!$AA:$AA,290+(ROW()-2)*3)} -> 169.7 | R12: {=INDEX('Row Data'!$AB:$AB,290+(ROW()-2)*3)} -> 162.8 | T12: =IFERROR(H12/H11-1,"") -> -0.010149254 | U12: =IFERROR(I12/I11-1,"") -> -0.0031347962 | V12: =IFERROR(J12/J11-1,"") -> 0.0082449941 | W12: =IFERROR(K12/K11-1,"") | X12: =IFERROR(L12/L11-1,"") -> 0.001814882 | Y12: =IFERROR(M12/M11-1,"") -> 0.0061387354 | Z12: =IFERROR(N12/N11-1,"") -> 0.0034602076 | AA12: =IFERROR(O12/O11-1,"") -> 0.0075519194 | ... AD12: =IFERROR(R12/R11-1,"") -> 0.0024630542
A13: 44531 | B13: 5504.55 | C13: =B13/B12-1 -> -0.075283611 | D13: =IFERROR(AVERAGEIFS('Data Preparation'!$F:$F,'Data Preparation'!$A:$A,"Rural+Urban",'Data Preparation'!$B:$B,YEAR(A13),'Data Preparation'!$C:$C,TEXT(A13,"mmmm")),"") -> 0.045940843 | H13: {=INDEX('Row Data'!$P:$P,290+(ROW()-2)*3)} -> 164.1 | I13: {=INDEX('Row Data'!$Q:$Q,290+(ROW()-2)*3)} -> 190.7 | J13: {=INDEX('Row Data'!$T:$T,290+(ROW()-2)*3)} -> 172.7 | K13: {=INDEX('Row Data'!$U:$U,290+(ROW()-2)*3)} -> 0 | L13: {=INDEX('Row Data'!$V:$V,290+(ROW()-2)*3)} -> 165.8 | M13: {=INDEX('Row Data'!$W:$W,290+(ROW()-2)*3)} -> 164.9 | N13: {=INDEX('Row Data'!$X:$X,290+(ROW()-2)*3)} -> 174.7 | O13: {=INDEX('Row Data'!$Y:$Y,290+(ROW()-2)*3)} -> 160.8 | P13: {=INDEX('Row Data'!$Z:$Z,290+(ROW()-2)*3)} -> 164.9 | Q13: {=INDEX('Row Data'!$AA:$AA,290+(ROW()-2)*3)} -> 169.9 | R13: {=INDEX('Row Data'!$AB:$AB,290+(ROW()-2)*3)} -> 163.2 | T13: =IFERROR(H13/H12-1,"") -> -0.010253317 | U13: =IFERROR(I13/I12-1,"") -> -0.00052410901 | V13: =IFERROR(J13/J12-1,"") -> 0.0087616822 | W13: =IFERROR(K13/K12-1,"") | X13: =IFERROR(L13/L12-1,"") -> 0.0012077295 | Y13: =IFERROR(M13/M12-1,"") -> 0.0061012813 | Z13: =IFERROR(N13/N12-1,"") -> 0.0040229885 | AA13: =IFERROR(O13/O12-1,"") -> 0.0043722673 | ... AD13: =IFERROR(R13/R12-1,"") -> 0.0024570025
A14: 44562 | B14: 6247.71 | C14: =B14/B13-1 -> 0.13500831 | D14: =IFERROR(AVERAGEIFS('Data Preparation'!$F:$F,'Data Preparation'!$A:$A,"Rural+Urban",'Data Preparation'!$B:$B,YEAR(A14),'Data Preparation'!$C:$C,TEXT(A14,"mmmm")),"") -> 0.053401144 | H14: {=INDEX('Row Data'!$P:$P,290+(ROW()-2)*3)} -> 163.9 | I14: {=INDEX('Row Data'!$Q:$Q,290+(ROW()-2)*3)} -> 191.5 | J14: {=INDEX('Row Data'!$T:$T,290+(ROW()-2)*3)} -> 173.7 | K14: {=INDEX('Row Data'!$U:$U,290+(ROW()-2)*3)} -> 0 | L14: {=INDEX('Row Data'!$V:$V,290+(ROW()-2)*3)} -> 167.4 | M14: {=INDEX('Row Data'!$W:$W,290+(ROW()-2)*3)} -> 165.7 | N14: {=INDEX('Row Data'!$X:$X,290+(ROW()-2)*3)} -> 175.3 | O14: {=INDEX('Row Data'!$Y:$Y,290+(ROW()-2)*3)} -> 161.2 | P14: {=INDEX('Row Data'!$Z:$Z,290+(ROW()-2)*3)} -> 165.5 | Q14: {=INDEX('Row Data'!$AA:$AA,290+(ROW()-2)*3)} -> 170.3 | R14: {=INDEX('Row Data'!$AB:$AB,290+(ROW()-2)*3)} -> 164.5 | T14: =IFERROR(H14/H13-1,"") -> -0.001218769 | U14: =IFERROR(I14/I13-1,"") -> 0.0041950708 | V14: =IFERROR(J14/J13-1,"") -> 0.005790388 | W14: =IFERROR(K14/K13-1,"") | X14: =IFERROR(L14/L13-1,"") -> 0.0096501809 | Y14: =IFERROR(M14/M13-1,"") -> 0.0048514251 | Z14: =IFERROR(N14/N13-1,"") -> 0.0034344591 | AA14: =IFERROR(O14/O13-1,"") -> 0.0024875622 | ... AD14: =IFERROR(R14/R13-1,"") -> 0.0079656863
A15: 44593 | B15: 7018.51 | C15: =B15/B14-1 -> 0.1233732 | D15: =IFERROR(AVERAGEIFS('Data Preparation'!$F:$F,'Data Preparation'!$A:$A,"Rural+Urban",'Data Preparation'!$B:$B,YEAR(A15),'Data Preparation'!$C:$C,TEXT(A15,"mmmm")),"") -> 0.060664112 | H15: {=INDEX('Row Data'!$P:$P,290+(ROW()-2)*3)} -> 166.6 | I15: {=INDEX('Row Data'!$Q:$Q,290+(ROW()-2)*3)} -> 192.3 | J15: {=INDEX('Row Data'!$T:$T,290+(ROW()-2)*3)} -> 175.1 | K15: {=INDEX('Row Data'!$U:$U,290+(ROW()-2)*3)} -> 0 | L15: {=INDEX('Row Data'!$V:$V,290+(ROW()-2)*3)} -> 168.9 | M15: {=INDEX('Row Data'!$W:$W,290+(ROW()-2)*3)} -> 166.5 | N15: {=INDEX('Row Data'!$X:$X,290+(ROW()-2)*3)} -> 176 | O15: {=INDEX('Row Data'!$Y:$Y,290+(ROW()-2)*3)} -> 162 | P15: {=INDEX('Row Data'!$Z:$Z,290+(ROW()-2)*3)} -> 166.6 | Q15: {=INDEX('Row Data'!$AA:$AA,290+(ROW()-2)*3)} -> 170.6 | R15: {=INDEX('Row Data'!$AB:$AB,290+(ROW()-2)*3)} -> 167.4 | T15: =IFERROR(H15/H14-1,"") -> 0.016473459 | U15: =IFERROR(I15/I14-1,"") -> 0.0041775457 | V15: =IFERROR(J15/J14-1,"") -> 0.0080598733 | W15: =IFERROR(K15/K14-1,"") | X15: =IFERROR(L15/L14-1,"") -> 0.0089605735 | Y15: =IFERROR(M15/M14-1,"") -> 0.0048280024 | Z15: =IFERROR(N15/N14-1,"") -> 0.0039931546 | AA15: =IFERROR(O15/O14-1,"") -> 0.0049627792 | ... AD15: =IFERROR(R15/R14-1,"") -> 0.017629179
A16: 44621 | B16: 8569.88 | C16: =B16/B15-1 -> 0.22103979 | D16: =IFERROR(AVERAGEIFS('Data Preparation'!$F:$F,'Data Preparation'!$A:$A,"Rural+Urban",'Data Preparation'!$B:$B,YEAR(A16),'Data Preparation'!$C:$C,TEXT(A16,"mmmm")),"") -> 0.069515306 | H16: {=INDEX('Row Data'!$P:$P,290+(ROW()-2)*3)} -> 168.6 | I16: {=INDEX('Row Data'!$Q:$Q,290+(ROW()-2)*3)} -> 192.8 | J16: {=INDEX('Row Data'!$T:$T,290+(ROW()-2)*3)} -> 177.1 | K16: {=INDEX('Row Data'!$U:$U,290+(ROW()-2)*3)} -> 0 | L16: {=INDEX('Row Data'!$V:$V,290+(ROW()-2)*3)} -> 173.3 | M16: {=INDEX('Row Data'!$W:$W,290+(ROW()-2)*3)} -> 167.7 | N16: {=INDEX('Row Data'!$X:$X,290+(ROW()-2)*3)} -> 177 | O16: {=INDEX('Row Data'!$Y:$Y,290+(ROW()-2)*3)} -> 166.2 | P16: {=INDEX('Row Data'!$Z:$Z,290+(ROW()-2)*3)} -> 167.2 | Q16: {=INDEX('Row Data'!$AA:$AA,290+(ROW()-2)*3)} -> 170.9 | R16: {=INDEX('Row Data'!$AB:$AB,290+(ROW()-2)*3)} -> 169 | T16: =IFERROR(H16/H15-1,"") -> 0.012004802 | U16: =IFERROR(I16/I15-1,"") -> 0.002600104 | V16: =IFERROR(J16/J15-1,"") -> 0.011422045 | W16: =IFERROR(K16/K15-1,"") | X16: =IFERROR(L16/L15-1,"") -> 0.026050918 | Y16: =IFERROR(M16/M15-1,"") -> 0.0072072072 | Z16: =IFERROR(N16/N15-1,"") -> 0.0056818182 | AA16: =IFERROR(O16/O15-1,"") -> 0.025925926 | ... AD16: =IFERROR(R16/R15-1,"") -> 0.009557945
A17: 44652 | B17: 7877.96 | C17: =B17/B16-1 -> -0.080738587 | D17: =IFERROR(AVERAGEIFS('Data Preparation'!$F:$F,'Data Preparation'!$A:$A,"Rural+Urban",'Data Preparation'!$B:$B,YEAR(A17),'Data Preparation'!$C:$C,TEXT(A17,"mmmm")),"") -> 0.077946768 | H17: {=INDEX('Row Data'!$P:$P,290+(ROW()-2)*3)} -> 170.8 | I17: {=INDEX('Row Data'!$Q:$Q,290+(ROW()-2)*3)} -> 192.9 | J17: {=INDEX('Row Data'!$T:$T,290+(ROW()-2)*3)} -> 179 | K17: {=INDEX('Row Data'!$U:$U,290+(ROW()-2)*3)} -> 0 | L17: {=INDEX('Row Data'!$V:$V,290+(ROW()-2)*3)} -> 175.3 | M17: {=INDEX('Row Data'!$W:$W,290+(ROW()-2)*3)} -> 168.9 | N17: {=INDEX('Row Data'!$X:$X,290+(ROW()-2)*3)} -> 177.7 | O17: {=INDEX('Row Data'!$Y:$Y,290+(ROW()-2)*3)} -> 167.1 | P17: {=INDEX('Row Data'!$Z:$Z,290+(ROW()-2)*3)} -> 167.6 | Q17: {=INDEX('Row Data'!$AA:$AA,290+(ROW()-2)*3)} -> 171.8 | R17: {=INDEX('Row Data'!$AB:$AB,290+(ROW()-2)*3)} -> 168.5 | T17: =IFERROR(H17/H16-1,"") -> 0.013048636 | U17: =IFERROR(I17/I16-1,"") -> 0.0005186722 | V17: =IFERROR(J17/J16-1,"") -> 0.010728402 | W17: =IFERROR(K17/K16-1,"") | X17: =IFERROR(L17/L16-1,"") -> 0.011540681 | Y17: =IFERROR(M17/M16-1,"") -> 0.0071556351 | Z17: =IFERROR(N17/N16-1,"") -> 0.0039548023 | AA17: =IFERROR(O17/O16-1,"") -> 0.0054151625 | ... AD17: =IFERROR(R17/R16-1,"") -> -0.0029585799
A18: 44682 | B18: 8511.74 | C18: =B18/B17-1 -> 0.080449761 | D18: =IFERROR(AVERAGEIFS('Data Preparation'!$F:$F,'Data Preparation'!$A:$A,"Rural+Urban",'Data Preparation'!$B:$B,YEAR(A18),'Data Preparation'!$C:$C,TEXT(A18,"mmmm")),"") -> 0.070448878 | H18: {=INDEX('Row Data'!$P:$P,290+(ROW()-2)*3)} -> 172.4 | I18: {=INDEX('Row Data'!$Q:$Q,290+(ROW()-2)*3)} -> 192.9 | J18: {=INDEX('Row Data'!$T:$T,290+(ROW()-2)*3)} -> 180.4 | K18: {=INDEX('Row Data'!$U:$U,290+(ROW()-2)*3)} -> 0 | L18: {=INDEX('Row Data'!$V:$V,290+(ROW()-2)*3)} -> 176.7 | M18: {=INDEX('Row Data'!$W:$W,290+(ROW()-2)*3)} -> 170.3 | N18: {=INDEX('Row Data'!$X:$X,290+(ROW()-2)*3)} -> 178.2 | O18: {=INDEX('Row Data'!$Y:$Y,290+(ROW()-2)*3)} -> 165.5 | P18: {=INDEX('Row Data'!$Z:$Z,290+(ROW()-2)*3)} -> 168 | Q18: {=INDEX('Row Data'!$AA:$AA,290+(ROW()-2)*3)} -> 172.6 | R18: {=INDEX('Row Data'!$AB:$AB,290+(ROW()-2)*3)} -> 169.5 | T18: =IFERROR(H18/H17-1,"") -> 0.0093676815 | U18: =IFERROR(I18/I17-1,"") -> 0 | V18: =IFERROR(J18/J17-1,"") -> 0.0078212291 | W18: =IFERROR(K18/K17-1,"") | X18: =IFERROR(L18/L17-1,"") -> 0.0079863092 | Y18: =IFERROR(M18/M17-1,"") -> 0.0082889284 | Z18: =IFERROR(N18/N17-1,"") -> 0.002813731 | AA18: =IFERROR(O18/O17-1,"") -> -0.0095751047 | ... AD18: =IFERROR(R18/R17-1,"") -> 0.0059347181
A19: 44713 | B19: 9119.55 | C19: =B19/B18-1 -> 0.071408431 | D19: =IFERROR(AVERAGEIFS('Data Preparation'!$F:$F,'Data Preparation'!$A:$A,"Rural+Urban",'Data Preparation'!$B:$B,YEAR(A19),'Data Preparation'!$C:$C,TEXT(A19,"mmmm")),"") -> 0.070055797 | H19: {=INDEX('Row Data'!$P:$P,290+(ROW()-2)*3)} -> 172.5 | I19: {=INDEX('Row Data'!$Q:$Q,290+(ROW()-2)*3)} -> 193.2 | J19: {=INDEX('Row Data'!$T:$T,290+(ROW()-2)*3)} -> 181.7 | K19: {=INDEX('Row Data'!$U:$U,290+(ROW()-2)*3)} -> 0 | L19: {=INDEX('Row Data'!$V:$V,290+(ROW()-2)*3)} -> 179.6 | M19: {=INDEX('Row Data'!$W:$W,290+(ROW()-2)*3)} -> 171.3 | N19: {=INDEX('Row Data'!$X:$X,290+(ROW()-2)*3)} -> 178.8 | O19: {=INDEX('Row Data'!$Y:$Y,290+(ROW()-2)*3)} -> 166.3 | P19: {=INDEX('Row Data'!$Z:$Z,290+(ROW()-2)*3)} -> 168.6 | Q19: {=INDEX('Row Data'!$AA:$AA,290+(ROW()-2)*3)} -> 174.7 | R19: {=INDEX('Row Data'!$AB:$AB,290+(ROW()-2)*3)} -> 169.7 | T19: =IFERROR(H19/H18-1,"") -> 0.0005800464 | U19: =IFERROR(I19/I18-1,"") -> 0.00155521 | V19: =IFERROR(J19/J18-1,"") -> 0.0072062084 | W19: =IFERROR(K19/K18-1,"") | X19: =IFERROR(L19/L18-1,"") -> 0.016411998 | Y19: =IFERROR(M19/M18-1,"") -> 0.0058719906 | Z19: =IFERROR(N19/N18-1,"") -> 0.0033670034 | AA19: =IFERROR(O19/O18-1,"") -> 0.0048338369 | ... AD19: =IFERROR(R19/R18-1,"") -> 0.001179941
A20: 44743 | B20: 8366.39 | C20: =B20/B19-1 -> -0.082587408 | D20: =IFERROR(AVERAGEIFS('Data Preparation'!$F:$F,'Data Preparation'!$A:$A,"Rural+Urban",'Data Preparation'!$B:$B,YEAR(A20),'Data Preparation'!$C:$C,TEXT(A20,"mmmm")),"") -> 0.067076923 | H20: {=INDEX('Row Data'!$P:$P,290+(ROW()-2)*3)} -> 173.9 | I20: {=INDEX('Row Data'!$Q:$Q,290+(ROW()-2)*3)} -> 193.7 | J20: {=INDEX('Row Data'!$T:$T,290+(ROW()-2)*3)} -> 183 | K20: {=INDEX('Row Data'!$U:$U,290+(ROW()-2)*3)} -> 0 | L20: {=INDEX('Row Data'!$V:$V,290+(ROW()-2)*3)} -> 179.1 | M20: {=INDEX('Row Data'!$W:$W,290+(ROW()-2)*3)} -> 172.3 | N20: {=INDEX('Row Data'!$X:$X,290+(ROW()-2)*3)} -> 179.4 | O20: {=INDEX('Row Data'!$Y:$Y,290+(ROW()-2)*3)} -> 166.6 | P20: {=INDEX('Row Data'!$Z:$Z,290+(ROW()-2)*3)} -> 169.3 | Q20: {=INDEX('Row Data'!$AA:$AA,290+(ROW()-2)*3)} -> 175.7 | R20: {=INDEX('Row Data'!$AB:$AB,290+(ROW()-2)*3)} -> 171.1 | T20: =IFERROR(H20/H19-1,"") -> 0.008115942 | U20: =IFERROR(I20/I19-1,"") -> 0.0025879917 | V20: =IFERROR(J20/J19-1,"") -> 0.0071546505 | W20: =IFERROR(K20/K19-1,"") | X20: =IFERROR(L20/L19-1,"") -> -0.0027839644 | Y20: =IFERROR(M20/M19-1,"") -> 0.0058377116 | Z20: =IFERROR(N20/N19-1,"") -> 0.0033557047 | AA20: =IFERROR(O20/O19-1,"") -> 0.0018039687 | ... AD20: =IFERROR(R20/R19-1,"") -> 0.0082498527
A21: 44774 | B21: 7634.9 | C21: =B21/B20-1 -> -0.087431975 | D21: =IFERROR(AVERAGEIFS('Data Preparation'!$F:$F,'Data Preparation'!$A:$A,"Rural+Urban",'Data Preparation'!$B:$B,YEAR(A21),'Data Preparation'!$C:$C,TEXT(A21,"mmmm")),"") -> 0.068014706 | H21: {=INDEX('Row Data'!$P:$P,290+(ROW()-2)*3)} -> 175.5 | I21: {=INDEX('Row Data'!$Q:$Q,290+(ROW()-2)*3)} -> 194.5 | J21: {=INDEX('Row Data'!$T:$T,290+(ROW()-2)*3)} -> 184.5 | K21: {=INDEX('Row Data'!$U:$U,290+(ROW()-2)*3)} -> 0 | L21: {=INDEX('Row Data'!$V:$V,290+(ROW()-2)*3)} -> 179.7 | M21: {=INDEX('Row Data'!$W:$W,290+(ROW()-2)*3)} -> 173.6 | N21: {=INDEX('Row Data'!$X:$X,290+(ROW()-2)*3)} -> 180.2 | O21: {=INDEX('Row Data'!$Y:$Y,290+(ROW()-2)*3)} -> 166.9 | P21: {=INDEX('Row Data'!$Z:$Z,290+(ROW()-2)*3)} -> 170 | Q21: {=INDEX('Row Data'!$AA:$AA,290+(ROW()-2)*3)} -> 176.2 | R21: {=INDEX('Row Data'!$AB:$AB,290+(ROW()-2)*3)} -> 170.8 | T21: =IFERROR(H21/H20-1,"") -> 0.0092006901 | U21: =IFERROR(I21/I20-1,"") -> 0.0041300981 | V21: =IFERROR(J21/J20-1,"") -> 0.0081967213 | W21: =IFERROR(K21/K20-1,"") | X21: =IFERROR(L21/L20-1,"") -> 0.0033500838 | Y21: =IFERROR(M21/M20-1,"") -> 0.0075449797 | Z21: =IFERROR(N21/N20-1,"") -> 0.0044593088 | AA21: =IFERROR(O21/O20-1,"") -> 0.0018007203 | ... AD21: =IFERROR(R21/R20-1,"") -> -0.0017533606
A22: 44805 | B22: 7079.45 | C22: =B22/B21-1 -> -0.072751444 | D22: =IFERROR(AVERAGEIFS('Data Preparation'!$F:$F,'Data Preparation'!$A:$A,"Rural+Urban",'Data Preparation'!$B:$B,YEAR(A22),'Data Preparation'!$C:$C,TEXT(A22,"mmmm")),"") -> 0.074142157 | H22: {=INDEX('Row Data'!$P:$P,290+(ROW()-2)*3)} -> 177.4 | I22: {=INDEX('Row Data'!$Q:$Q,290+(ROW()-2)*3)} -> 194.9 | J22: {=INDEX('Row Data'!$T:$T,290+(ROW()-2)*3)} -> 185.9 | K22: {=INDEX('Row Data'!$U:$U,290+(ROW()-2)*3)} -> 0 | L22: {=INDEX('Row Data'!$V:$V,290+(ROW()-2)*3)} -> 180.8 | M22: {=INDEX('Row Data'!$W:$W,290+(ROW()-2)*3)} -> 174.4 | N22: {=INDEX('Row Data'!$X:$X,290+(ROW()-2)*3)} -> 181.2 | O22: {=INDEX('Row Data'!$Y:$Y,290+(ROW()-2)*3)} -> 167.4 | P22: {=INDEX('Row Data'!$Z:$Z,290+(ROW()-2)*3)} -> 170.6 | Q22: {=INDEX('Row Data'!$AA:$AA,290+(ROW()-2)*3)} -> 176.5 | R22: {=INDEX('Row Data'!$AB:$AB,290+(ROW()-2)*3)} -> 172 | T22: =IFERROR(H22/H21-1,"") -> 0.010826211 | U22: =IFERROR(I22/I21-1,"") -> 0.0020565553 | V22: =IFERROR(J22/J21-1,"") -> 0.0075880759 | W22: =IFERROR(K22/K21-1,"") | X22: =IFERROR(L22/L21-1,"") -> 0.0061213133 | Y22: =IFERROR(M22/M21-1,"") -> 0.0046082949 | Z22: =IFERROR(N22/N21-1,"") -> 0.0055493896 | AA22: =IFERROR(O22/O21-1,"") -> 0.0029958059 | ... AD22: =IFERROR(R22/R21-1,"") -> 0.0070257611
A23: 44835 | B23: 7437.13 | C23: =B23/B22-1 -> 0.050523699 | D23: =IFERROR(AVERAGEIFS('Data Preparation'!$F:$F,'Data Preparation'!$A:$A,"Rural+Urban",'Data Preparation'!$B:$B,YEAR(A23),'Data Preparation'!$C:$C,TEXT(A23,"mmmm")),"") -> 0.067673716 | H23: {=INDEX('Row Data'!$P:$P,290+(ROW()-2)*3)} -> 176.6 | I23: {=INDEX('Row Data'!$Q:$Q,290+(ROW()-2)*3)} -> 195.5 | J23: {=INDEX('Row Data'!$T:$T,290+(ROW()-2)*3)} -> 186.9 | K23: {=INDEX('Row Data'!$U:$U,290+(ROW()-2)*3)} -> 0 | L23: {=INDEX('Row Data'!$V:$V,290+(ROW()-2)*3)} -> 181.9 | M23: {=INDEX('Row Data'!$W:$W,290+(ROW()-2)*3)} -> 175.5 | N23: {=INDEX('Row Data'!$X:$X,290+(ROW()-2)*3)} -> 182.3 | O23: {=INDEX('Row Data'!$Y:$Y,290+(ROW()-2)*3)} -> 167.5 | P23: {=INDEX('Row Data'!$Z:$Z,290+(ROW()-2)*3)} -> 170.8 | Q23: {=INDEX('Row Data'!$AA:$AA,290+(ROW()-2)*3)} -> 176.9 | R23: {=INDEX('Row Data'!$AB:$AB,290+(ROW()-2)*3)} -> 173.4 | T23: =IFERROR(H23/H22-1,"") -> -0.0045095829 | U23: =IFERROR(I23/I22-1,"") -> 0.0030785018 | V23: =IFERROR(J23/J22-1,"") -> 0.0053792361 | W23: =IFERROR(K23/K22-1,"") | X23: =IFERROR(L23/L22-1,"") -> 0.0060840708 | Y23: =IFERROR(M23/M22-1,"") -> 0.0063073394 | Z23: =IFERROR(N23/N22-1,"") -> 0.0060706402 | AA23: =IFERROR(O23/O22-1,"") -> 0.00059737157 | ... AD23: =IFERROR(R23/R22-1,"") -> 0.0081395349
A24: 44866 | B24: 7150.11 | C24: =B24/B23-1 -> -0.038592844 | D24: =IFERROR(AVERAGEIFS('Data Preparation'!$F:$F,'Data Preparation'!$A:$A,"Rural+Urban",'Data Preparation'!$B:$B,YEAR(A24),'Data Preparation'!$C:$C,TEXT(A24,"mmmm")),"") -> 0.058788242 | H24: {=INDEX('Row Data'!$P:$P,290+(ROW()-2)*3)} -> 174.4 | I24: {=INDEX('Row Data'!$Q:$Q,290+(ROW()-2)*3)} -> 195.9 | J24: {=INDEX('Row Data'!$T:$T,290+(ROW()-2)*3)} -> 187.8 | K24: {=INDEX('Row Data'!$U:$U,290+(ROW()-2)*3)} -> 0 | L24: {=INDEX('Row Data'!$V:$V,290+(ROW()-2)*3)} -> 182.8 | M24: {=INDEX('Row Data'!$W:$W,290+(ROW()-2)*3)} -> 176.4 | N24: {=INDEX('Row Data'!$X:$X,290+(ROW()-2)*3)} -> 183.5 | O24: {=INDEX('Row Data'!$Y:$Y,290+(ROW()-2)*3)} -> 167.8 | P24: {=INDEX('Row Data'!$Z:$Z,290+(ROW()-2)*3)} -> 171.2 | Q24: {=INDEX('Row Data'!$AA:$AA,290+(ROW()-2)*3)} -> 177.3 | R24: {=INDEX('Row Data'!$AB:$AB,290+(ROW()-2)*3)} -> 175.7 | T24: =IFERROR(H24/H23-1,"") -> -0.012457531 | U24: =IFERROR(I24/I23-1,"") -> 0.0020460358 | V24: =IFERROR(J24/J23-1,"") -> 0.0048154093 | W24: =IFERROR(K24/K23-1,"") | X24: =IFERROR(L24/L23-1,"") -> 0.0049477735 | Y24: =IFERROR(M24/M23-1,"") -> 0.0051282051 | Z24: =IFERROR(N24/N23-1,"") -> 0.0065825562 | AA24: =IFERROR(O24/O23-1,"") -> 0.0017910448 | ... AD24: =IFERROR(R24/R23-1,"") -> 0.013264129
... A29: 45017 | B29: 6763.43 | C29: =B29/B28-1 -> 0.074771568 | D29: =IFERROR(AVERAGEIFS('Data Preparation'!$F:$F,'Data Preparation'!$A:$A,"Rural+Urban",'Data Preparation'!$B:$B,YEAR(A29),'Data Preparation'!$C:$C,TEXT(A29,"mmmm")),"") -> 0.047031158 | H29: {=INDEX('Row Data'!$P:$P,290+(ROW()-2)*3)} -> 176.8 | I29: {=INDEX('Row Data'!$Q:$Q,290+(ROW()-2)*3)} -> 199.9 | J29: {=INDEX('Row Data'!$T:$T,290+(ROW()-2)*3)} -> 190.8 | K29: {=INDEX('Row Data'!$U:$U,290+(ROW()-2)*3)} -> - | L29: {=INDEX('Row Data'!$V:$V,290+(ROW()-2)*3)} -> 182.5 | M29: {=INDEX('Row Data'!$W:$W,290+(ROW()-2)*3)} -> 179.8 | N29: {=INDEX('Row Data'!$X:$X,290+(ROW()-2)*3)} -> 187.8 | O29: {=INDEX('Row Data'!$Y:$Y,290+(ROW()-2)*3)} -> 169.7 | P29: {=INDEX('Row Data'!$Z:$Z,290+(ROW()-2)*3)} -> 173.8 | Q29: {=INDEX('Row Data'!$AA:$AA,290+(ROW()-2)*3)} -> 180.3 | R29: {=INDEX('Row Data'!$AB:$AB,290+(ROW()-2)*3)} -> 184.9 | T29: =IFERROR(H29/H28-1,"") -> 0.0074074074 | U29: =IFERROR(I29/I28-1,"") -> 0.0020050125 | V29: =IFERROR(J29/J28-1,"") -> 0.0031545741 | W29: =IFERROR(K29/K28-1,"") | X29: =IFERROR(L29/L28-1,"") -> 0.0055096419 | Y29: =IFERROR(M29/M28-1,"") -> 0.003908431 | Z29: =IFERROR(N29/N28-1,"") -> 0.0032051282 | AA29: =IFERROR(O29/O28-1,"") -> 0.0017709563 | ... AD29: =IFERROR(R29/R28-1,"") -> 0.0059847661
A30: 45047 | B30: 6102.52 | C30: =B30/B29-1 -> -0.09771817 | D30: =IFERROR(AVERAGEIFS('Data Preparation'!$F:$F,'Data Preparation'!$A:$A,"Rural+Urban",'Data Preparation'!$B:$B,YEAR(A30),'Data Preparation'!$C:$C,TEXT(A30,"mmmm")),"") -> 0.043098427 | H30: {=INDEX('Row Data'!$P:$P,290+(ROW()-2)*3)} -> 0 | I30: {=INDEX('Row Data'!$Q:$Q,290+(ROW()-2)*3)} -> 0 | J30: {=INDEX('Row Data'!$T:$T,290+(ROW()-2)*3)} -> 0 | K30: {=INDEX('Row Data'!$U:$U,290+(ROW()-2)*3)} -> 0 | L30: {=INDEX('Row Data'!$V:$V,290+(ROW()-2)*3)} -> 0 | M30: {=INDEX('Row Data'!$W:$W,290+(ROW()-2)*3)} -> 0 | N30: {=INDEX('Row Data'!$X:$X,290+(ROW()-2)*3)} -> 0 | O30: {=INDEX('Row Data'!$Y:$Y,290+(ROW()-2)*3)} -> 0 | P30: {=INDEX('Row Data'!$Z:$Z,290+(ROW()-2)*3)} -> 0 | Q30: {=INDEX('Row Data'!$AA:$AA,290+(ROW()-2)*3)} -> 0 | R30: {=INDEX('Row Data'!$AB:$AB,290+(ROW()-2)*3)} -> 0
A31: 45078 | B31: 6025.65 | C31: =B31/B30-1 -> -0.012596436 | D31: =IFERROR(AVERAGEIFS('Data Preparation'!$F:$F,'Data Preparation'!$A:$A,"Rural+Urban",'Data Preparation'!$B:$B,YEAR(A31),'Data Preparation'!$C:$C,TEXT(A31,"mmmm")),"") | H31: {=INDEX('Row Data'!$P:$P,290+(ROW()-2)*3)} -> 0 | I31: {=INDEX('Row Data'!$Q:$Q,290+(ROW()-2)*3)} -> 0 | J31: {=INDEX('Row Data'!$T:$T,290+(ROW()-2)*3)} -> 0 | K31: {=INDEX('Row Data'!$U:$U,290+(ROW()-2)*3)} -> 0 | L31: {=INDEX('Row Data'!$V:$V,290+(ROW()-2)*3)} -> 0 | M31: {=INDEX('Row Data'!$W:$W,290+(ROW()-2)*3)} -> 0 | N31: {=INDEX('Row Data'!$X:$X,290+(ROW()-2)*3)} -> 0 | O31: {=INDEX('Row Data'!$Y:$Y,290+(ROW()-2)*3)} -> 0 | P31: {=INDEX('Row Data'!$Z:$Z,290+(ROW()-2)*3)} -> 0 | Q31: {=INDEX('Row Data'!$AA:$AA,290+(ROW()-2)*3)} -> 0 | R31: {=INDEX('Row Data'!$AB:$AB,290+(ROW()-2)*3)} -> 0
A32: 45108 | B32: 6490.32 | C32: =B32/B31-1 -> 0.077115332 | D32: =IFERROR(AVERAGEIFS('Data Preparation'!$F:$F,'Data Preparation'!$A:$A,"Rural+Urban",'Data Preparation'!$B:$B,YEAR(A32),'Data Preparation'!$C:$C,TEXT(A32,"mmmm")),"") | H32: {=INDEX('Row Data'!$P:$P,290+(ROW()-2)*3)} -> 0 | I32: {=INDEX('Row Data'!$Q:$Q,290+(ROW()-2)*3)} -> 0 | J32: {=INDEX('Row Data'!$T:$T,290+(ROW()-2)*3)} -> 0 | K32: {=INDEX('Row Data'!$U:$U,290+(ROW()-2)*3)} -> 0 | L32: {=INDEX('Row Data'!$V:$V,290+(ROW()-2)*3)} -> 0 | M32: {=INDEX('Row Data'!$W:$W,290+(ROW()-2)*3)} -> 0 | N32: {=INDEX('Row Data'!$X:$X,290+(ROW()-2)*3)} -> 0 | O32: {=INDEX('Row Data'!$Y:$Y,290+(ROW()-2)*3)} -> 0 | P32: {=INDEX('Row Data'!$Z:$Z,290+(ROW()-2)*3)} -> 0 | Q32: {=INDEX('Row Data'!$AA:$AA,290+(ROW()-2)*3)} -> 0 | R32: {=INDEX('Row Data'!$AB:$AB,290+(ROW()-2)*3)} -> 0
A33: 45139 | B33: 7013.58 | C33: =B33/B32-1 -> 0.080621603 | D33: =IFERROR(AVERAGEIFS('Data Preparation'!$F:$F,'Data Preparation'!$A:$A,"Rural+Urban",'Data Preparation'!$B:$B,YEAR(A33),'Data Preparation'!$C:$C,TEXT(A33,"mmmm")),"") | H33: {=INDEX('Row Data'!$P:$P,290+(ROW()-2)*3)} -> 0 | I33: {=INDEX('Row Data'!$Q:$Q,290+(ROW()-2)*3)} -> 0 | J33: {=INDEX('Row Data'!$T:$T,290+(ROW()-2)*3)} -> 0 | K33: {=INDEX('Row Data'!$U:$U,290+(ROW()-2)*3)} -> 0 | L33: {=INDEX('Row Data'!$V:$V,290+(ROW()-2)*3)} -> 0 | M33: {=INDEX('Row Data'!$W:$W,290+(ROW()-2)*3)} -> 0 | N33: {=INDEX('Row Data'!$X:$X,290+(ROW()-2)*3)} -> 0 | O33: {=INDEX('Row Data'!$Y:$Y,290+(ROW()-2)*3)} -> 0 | P33: {=INDEX('Row Data'!$Z:$Z,290+(ROW()-2)*3)} -> 0 | Q33: {=INDEX('Row Data'!$AA:$AA,290+(ROW()-2)*3)} -> 0 | R33: {=INDEX('Row Data'!$AB:$AB,290+(ROW()-2)*3)} -> 0
A34: 45170 | B34: 7659.66 | C34: =B34/B33-1 -> 0.092118433 | D34: =IFERROR(AVERAGEIFS('Data Preparation'!$F:$F,'Data Preparation'!$A:$A,"Rural+Urban",'Data Preparation'!$B:$B,YEAR(A34),'Data Preparation'!$C:$C,TEXT(A34,"mmmm")),"") | H34: {=INDEX('Row Data'!$P:$P,290+(ROW()-2)*3)} -> 0 | I34: {=INDEX('Row Data'!$Q:$Q,290+(ROW()-2)*3)} -> 0 | J34: {=INDEX('Row Data'!$T:$T,290+(ROW()-2)*3)} -> 0 | K34: {=INDEX('Row Data'!$U:$U,290+(ROW()-2)*3)} -> 0 | L34: {=INDEX('Row Data'!$V:$V,290+(ROW()-2)*3)} -> 0 | M34: {=INDEX('Row Data'!$W:$W,290+(ROW()-2)*3)} -> 0 | N34: {=INDEX('Row Data'!$X:$X,290+(ROW()-2)*3)} -> 0 | O34: {=INDEX('Row Data'!$Y:$Y,290+(ROW()-2)*3)} -> 0 | P34: {=INDEX('Row Data'!$Z:$Z,290+(ROW()-2)*3)} -> 0 | Q34: {=INDEX('Row Data'!$AA:$AA,290+(ROW()-2)*3)} -> 0 | R34: {=INDEX('Row Data'!$AB:$AB,290+(ROW()-2)*3)} -> 0
A35: 45200 | B35: 7414.52 | C35: =B35/B34-1 -> -0.032004032 | D35: =IFERROR(AVERAGEIFS('Data Preparation'!$F:$F,'Data Preparation'!$A:$A,"Rural+Urban",'Data Preparation'!$B:$B,YEAR(A35),'Data Preparation'!$C:$C,TEXT(A35,"mmmm")),"") | H35: {=INDEX('Row Data'!$P:$P,290+(ROW()-2)*3)} -> 0 | I35: {=INDEX('Row Data'!$Q:$Q,290+(ROW()-2)*3)} -> 0 | J35: {=INDEX('Row Data'!$T:$T,290+(ROW()-2)*3)} -> 0 | K35: {=INDEX('Row Data'!$U:$U,290+(ROW()-2)*3)} -> 0 | L35: {=INDEX('Row Data'!$V:$V,290+(ROW()-2)*3)} -> 0 | M35: {=INDEX('Row Data'!$W:$W,290+(ROW()-2)*3)} -> 0 | N35: {=INDEX('Row Data'!$X:$X,290+(ROW()-2)*3)} -> 0 | O35: {=INDEX('Row Data'!$Y:$Y,290+(ROW()-2)*3)} -> 0 | P35: {=INDEX('Row Data'!$Z:$Z,290+(ROW()-2)*3)} -> 0 | Q35: {=INDEX('Row Data'!$AA:$AA,290+(ROW()-2)*3)} -> 0 | R35: {=INDEX('Row Data'!$AB:$AB,290+(ROW()-2)*3)} -> 0
A36: 45231 | B36: 6775.71 | C36: =B36/B35-1 -> -0.086156622 | D36: =IFERROR(AVERAGEIFS('Data Preparation'!$F:$F,'Data Preparation'!$A:$A,"Rural+Urban",'Data Preparation'!$B:$B,YEAR(A36),'Data Preparation'!$C:$C,TEXT(A36,"mmmm")),"") | H36: {=INDEX('Row Data'!$P:$P,290+(ROW()-2)*3)} -> 0 | I36: {=INDEX('Row Data'!$Q:$Q,290+(ROW()-2)*3)} -> 0 | J36: {=INDEX('Row Data'!$T:$T,290+(ROW()-2)*3)} -> 0 | K36: {=INDEX('Row Data'!$U:$U,290+(ROW()-2)*3)} -> 0 | L36: {=INDEX('Row Data'!$V:$V,290+(ROW()-2)*3)} -> 0 | M36: {=INDEX('Row Data'!$W:$W,290+(ROW()-2)*3)} -> 0 | N36: {=INDEX('Row Data'!$X:$X,290+(ROW()-2)*3)} -> 0 | O36: {=INDEX('Row Data'!$Y:$Y,290+(ROW()-2)*3)} -> 0 | P36: {=INDEX('Row Data'!$Z:$Z,290+(ROW()-2)*3)} -> 0 | Q36: {=INDEX('Row Data'!$AA:$AA,290+(ROW()-2)*3)} -> 0 | R36: {=INDEX('Row Data'!$AB:$AB,290+(ROW()-2)*3)} -> 0
A37: 45261 | B37: 6307.43 | C37: =B37/B36-1 -> -0.069111576 | D37: =IFERROR(AVERAGEIFS('Data Preparation'!$F:$F,'Data Preparation'!$A:$A,"Rural+Urban",'Data Preparation'!$B:$B,YEAR(A37),'Data Preparation'!$C:$C,TEXT(A37,"mmmm")),"") | H37: {=INDEX('Row Data'!$P:$P,290+(ROW()-2)*3)} -> 0 | I37: {=INDEX('Row Data'!$Q:$Q,290+(ROW()-2)*3)} -> 0 | J37: {=INDEX('Row Data'!$T:$T,290+(ROW()-2)*3)} -> 0 | K37: {=INDEX('Row Data'!$U:$U,290+(ROW()-2)*3)} -> 0 | L37: {=INDEX('Row Data'!$V:$V,290+(ROW()-2)*3)} -> 0 | M37: {=INDEX('Row Data'!$W:$W,290+(ROW()-2)*3)} -> 0 | N37: {=INDEX('Row Data'!$X:$X,290+(ROW()-2)*3)} -> 0 | O37: {=INDEX('Row Data'!$Y:$Y,290+(ROW()-2)*3)} -> 0 | P37: {=INDEX('Row Data'!$Z:$Z,290+(ROW()-2)*3)} -> 0 | Q37: {=INDEX('Row Data'!$AA:$AA,290+(ROW()-2)*3)} -> 0 | R37: {=INDEX('Row Data'!$AB:$AB,290+(ROW()-2)*3)} -> 0
A68: Conclusion
A69: Imported oil price fluctuations have the strongest positive correlation with Fuel & Light inflation (33%), followed by Transport & Communication (32%) and Food & Beverages (22%). This indicates that changes in crude oil prices have a noticeable impact on fuel-related and transportation costs in India.
